questions,answer
ما هو رمز برنامج علوم الحاسبات؟,رمز برنامج علوم الحاسبات هو B31CSCS.
كم عدد المستويات الدراسية في برنامج علوم الحاسبات؟,يتكون برنامج علوم الحاسبات من 8 مستويات دراسية.
ما هو إجمالي عدد الوحدات الدراسية في برنامج علوم الحاسبات؟,إجمالي عدد الوحدات الدراسية في برنامج علوم الحاسبات هو 127 وحدة دراسية.
ما هي أنواع المقررات في برنامج علوم الحاسبات؟,تتنوع المقررات في برنامج علوم الحاسبات بين مقررات إجبارية ومقررات اختيارية، وتشمل متطلبات الجامعة ومتطلبات الكلية ومتطلبات التخصص والمقررات الحرة.
ما هو متوسط عدد المقررات في كل مستوى دراسي؟,متوسط عدد المقررات في كل مستوى دراسي هو 6 مقررات تقريباً.
ما هو متوسط عدد الوحدات في كل مستوى دراسي؟,متوسط عدد الوحدات في كل مستوى دراسي هو 16 وحدة تقريباً.
ما هي المقررات التي تحتوي على ساعات عملية في البرنامج؟,المقررات التي تحتوي على ساعات عملية في البرنامج تشمل معظم مقررات التخصص مثل أسس البرمجة، البرمجة الشيئية، هياكل البيانات، قواعد البيانات، وغيرها.
ما هي المقررات التي لا تحتوي على ساعات عملية في البرنامج؟,المقررات التي لا تحتوي على ساعات عملية في البرنامج تشمل بعض المقررات النظرية مثل المهارات الجامعية، ريادة الأعمال، وبعض متطلبات الجامعة.
ما هي المقررات التي تحتوي على ساعات أخرى في البرنامج؟,المقررات التي تحتوي على ساعات أخرى في البرنامج تشمل مقررات مثل مقدمة في الإحصاء والاحتمالات، الرسم بالحاسب، ريادة الأعمال، مشروع التخرج 1، وغيرها.
ما هي المقررات الاختيارية في البرنامج؟,المقررات الاختيارية في البرنامج تشمل مقررات الثقافة، متطلبات الجامعة، مقررات التخصص الاختيارية، والمقررات الحرة.
كم عدد المقررات الاختيارية التي يجب على الطالب اجتيازها؟,يجب على الطالب اجتياز 9 مقررات اختيارية على الأقل، تشمل مقررين للثقافة، ومقررين لمتطلبات الجامعة، وأربعة مقررات تخصص اختيارية، ومقررين حرين.
ما هي متطلبات الجامعة في البرنامج؟,متطلبات الجامعة في البرنامج تشمل مقررات مثل الثقافة الرقمية، المهارات الجامعية، ريادة الأعمال، بالإضافة إلى مقررين اختياريين من قائمة متطلبات الجامعة.
ما هي متطلبات الكلية في البرنامج؟,متطلبات الكلية في البرنامج تشمل مقررات مثل حساب التفاضل والتكامل 1، فيزياء عامة 1، اللغة الإنجليزية للأغراض العلمية، مقدمة في الإحصاء والاحتمالات، وغيرها.
ما هي متطلبات التخصص في البرنامج؟,متطلبات التخصص في البرنامج تشمل مقررات مثل أسس البرمجة، البرمجة الشيئية، هياكل البيانات، قواعد البيانات، نظم التشغيل، وغيرها من المقررات التخصصية.
ما هي المقررات الحرة في البرنامج؟,المقررات الحرة في البرنامج هي مقرران بإجمالي 4 وحدات دراسية، يختارهما الطالب من قائمة المقررات الحرة المتاحة.
ما هي المقررات التي تتطلب مقررات سابقة؟,المقررات التي تتطلب مقررات سابقة تشمل معظم مقررات التخصص المتقدمة مثل البرمجة الشيئية (تتطلب أسس البرمجة)، هياكل البيانات (تتطلب البرمجة الشيئية)، وغيرها.
ما هي المقررات التي لها متطلبات متزامنة؟,المقررات التي لها متطلبات متزامنة هي مقررات قليلة في البرنامج، وتعني أنه يمكن دراستها في نفس الفصل مع متطلباتها.
ما هي المقررات التي تدرس باللغة الإنجليزية؟,معظم مقررات التخصص في برنامج علوم الحاسبات تدرس باللغة الإنجليزية، خاصة المقررات التقنية والبرمجية.
ما هي المقررات التي تدرس باللغة العربية؟,بعض المقررات العامة ومتطلبات الجامعة في البرنامج تدرس باللغة العربية، مثل مقررات الثقافة وريادة الأعمال.
ما هي المقررات التي تركز على البرمجة في البرنامج؟,المقررات التي تركز على البرمجة في البرنامج تشمل أسس البرمجة، البرمجة الشيئية، البرمجة المتقدمة، برمجة الويب، برمجة الموبايل، وغيرها.
ما هي المقررات التي تركز على الرياضيات في البرنامج؟,المقررات التي تركز على الرياضيات في البرنامج تشمل حساب التفاضل والتكامل 1، الجبر الخطي، رياضيات التطبيقية المحوسبة، مقدمة في الإحصاء والاحتمالات، وغيرها.
ما هي المقررات التي تركز على الشبكات في البرنامج؟,المقررات التي تركز على الشبكات في البرنامج تشمل شبكات الحاسب (CS 370).
ما هي المقررات التي تركز على قواعد البيانات في البرنامج؟,المقررات التي تركز على قواعد البيانات في البرنامج تشمل قواعد البيانات (CS 240).
ما هي المقررات التي تركز على الذكاء الاصطناعي في البرنامج؟,المقررات التي تركز على الذكاء الاصطناعي في البرنامج تشمل الذكاء الاصطناعي (CS 424).
ما هي المقررات التي تركز على أمن المعلومات في البرنامج؟,المقررات التي تركز على أمن المعلومات في البرنامج تشمل الأمن السيبراني (CS 471).
ما هي المقررات الدراسية في المستوى الأول لبرنامج علوم الحاسبات؟,المقررات الدراسية في المستوى الأول لبرنامج علوم الحاسبات هي: الثقافة الرقمية (IT 100)، لغة إنجليزية 1 (LNGT 101)، حساب التفاضل والتكامل 1 (MATH 110)، فيزياء عامة 1 (PHYS 110)، بالإضافة إلى مقرر ثقافة 1 (اختياري).
كم عدد الوحدات الدراسية في المستوى الأول؟,عدد الوحدات الدراسية في المستوى الأول هو 14 وحدة دراسية.
كم عدد المقررات في المستوى الأول؟,عدد المقررات في المستوى الأول هو 5 مقررات.
ما هو رمز ومسمى مقرر الثقافة الرقمية؟,رمز ومسمى مقرر الثقافة الرقمية هو IT 100 الثقافة الرقمية.
كم عدد الوحدات الدراسية لمقرر الثقافة الرقمية؟,عدد الوحدات الدراسية لمقرر الثقافة الرقمية هو 2 وحدة دراسية.
ما هو رمز ومسمى مقرر اللغة الإنجليزية في المستوى الأول؟,رمز ومسمى مقرر اللغة الإنجليزية في المستوى الأول هو LNGT 101 لغة إنجليزية 1.
كم عدد الوحدات الدراسية لمقرر اللغة الإنجليزية في المستوى الأول؟,عدد الوحدات الدراسية لمقرر اللغة الإنجليزية في المستوى الأول هو 4 وحدات دراسية.
ما هو رمز ومسمى مقرر حساب التفاضل والتكامل في المستوى الأول؟,رمز ومسمى مقرر حساب التفاضل والتكامل في المستوى الأول هو MATH 110 حساب التفاضل والتكامل 1.
كم عدد الوحدات الدراسية لمقرر حساب التفاضل والتكامل في المستوى الأول؟,عدد الوحدات الدراسية لمقرر حساب التفاضل والتكامل في المستوى الأول هو 3 وحدات دراسية.
ما هو رمز ومسمى مقرر الفيزياء في المستوى الأول؟,رمز ومسمى مقرر الفيزياء في المستوى الأول هو PHYS 110 فيزياء عامة 1.
كم عدد الوحدات الدراسية لمقرر الفيزياء في المستوى الأول؟,عدد الوحدات الدراسية لمقرر الفيزياء في المستوى الأول هو 3 وحدات دراسية.
ما هو المقرر الاختياري في المستوى الأول؟,المقرر الاختياري في المستوى الأول هو مقرر ثقافة 1.
كم عدد الوحدات الدراسية للمقرر الاختياري في المستوى الأول؟,عدد الوحدات الدراسية للمقرر الاختياري في المستوى الأول هو 2 وحدة دراسية.
ما هي المقررات التي تحتوي على ساعات عملية في المستوى الأول؟,المقرر الوحيد الذي يحتوي على ساعات عملية في المستوى الأول هو مقرر فيزياء عامة 1 (PHYS 110)، حيث يحتوي على 2 ساعة نظري و2 ساعة عملي.
ما هي المقررات التي لا تحتوي على ساعات عملية في المستوى الأول؟,المقررات التي لا تحتوي على ساعات عملية في المستوى الأول هي: الثقافة الرقمية (IT 100)، لغة إنجليزية 1 (LNGT 101)، حساب التفاضل والتكامل 1 (MATH 110)، ومقرر ثقافة 1 (اختياري).
ما هي المقررات التي تدرس باللغة الإنجليزية في المستوى الأول؟,المقررات التي تدرس باللغة الإنجليزية في المستوى الأول تشمل: لغة إنجليزية 1 (LNGT 101)، حساب التفاضل والتكامل 1 (MATH 110)، فيزياء عامة 1 (PHYS 110).
ما هي المقررات التي تدرس باللغة العربية في المستوى الأول؟,المقررات التي تدرس باللغة العربية في المستوى الأول تشمل: الثقافة الرقمية (IT 100) ومقرر ثقافة 1 (اختياري).
ما هي المقررات التي تعتبر متطلبات للمستويات اللاحقة في المستوى الأول؟,المقررات التي تعتبر متطلبات للمستويات اللاحقة في المستوى الأول تشمل: حساب التفاضل والتكامل 1 (MATH 110) وفيزياء عامة 1 (PHYS 110)، حيث تعتبر متطلبات سابقة لبعض مقررات المستويات اللاحقة.
ما هي القاعدة المتبعة لاختيار المقرر الاختياري في المستوى الأول؟,القاعدة المتبعة لاختيار المقرر الاختياري في المستوى الأول هي اختيار مقرر واحد من 8 مقررات ثقافية متاحة.
ما هو توزيع الساعات النظرية والعملية في المستوى الأول؟,توزيع الساعات في المستوى الأول يشمل 28 ساعة نظرية و2 ساعة عملية، حيث يحتوي مقرر الثقافة الرقمية على 2 ساعة نظري، ومقرر لغة إنجليزية 1 على 20 ساعة نظري، ومقرر حساب التفاضل والتكامل 1 على 4 ساعات نظري، ومقرر فيزياء عامة 1 على 2 ساعة نظري و2 ساعة عملي.
ما هي المقررات الدراسية في المستوى الثاني لبرنامج علوم الحاسبات؟,المقررات الدراسية في المستوى الثاني لبرنامج علوم الحاسبات هي: أسس البرمجة (CS 101)، المهارات الجامعية (GNCR 100)، مقدمة حوسبة (IT 101)، اللغة الإنجليزية للأغراض العلمية (LNGT 102)، اللغة الإنجليزية للأغراض العلمية (LNGT 103).
كم عدد الوحدات الدراسية في المستوى الثاني؟,عدد الوحدات الدراسية في المستوى الثاني هو 14 وحدة دراسية.
كم عدد المقررات في المستوى الثاني؟,عدد المقررات في المستوى الثاني هو 5 مقررات.
ما هو رمز ومسمى مقرر أسس البرمجة؟,رمز ومسمى مقرر أسس البرمجة هو CS 101 أسس البرمجة.
كم عدد الوحدات الدراسية لمقرر أسس البرمجة؟,عدد الوحدات الدراسية لمقرر أسس البرمجة هو 3 وحدات دراسية.
ما هو رمز ومسمى مقرر المهارات الجامعية؟,رمز ومسمى مقرر المهارات الجامعية هو GNCR 100 المهارات الجامعية.
كم عدد الوحدات الدراسية لمقرر المهارات الجامعية؟,عدد الوحدات الدراسية لمقرر المهارات الجامعية هو 2 وحدة دراسية.
ما هو رمز ومسمى مقرر مقدمة حوسبة؟,رمز ومسمى مقرر مقدمة حوسبة هو IT 101 مقدمة حوسبة.
كم عدد الوحدات الدراسية لمقرر مقدمة حوسبة؟,عدد الوحدات الدراسية لمقرر مقدمة حوسبة هو 3 وحدات دراسية.
ما هو رمز ومسمى مقرر اللغة الإنجليزية للأغراض العلمية؟,رمز ومسمى مقرر اللغة الإنجليزية للأغراض العلمية هو LNGT 102 اللغة الإنجليزية للأغراض العلمية.
كم عدد الوحدات الدراسية لمقرر اللغة الإنجليزية للأغراض العلمية؟,عدد الوحدات الدراسية لمقرر اللغة الإنجليزية للأغراض العلمية (LNGT 102) هو 4 وحدات دراسية.
ما هو رمز ومسمى المقرر الثاني للغة الإنجليزية للأغراض العلمية؟,رمز ومسمى المقرر الثاني للغة الإنجليزية للأغراض العلمية هو LNGT 103 اللغة الإنجليزية للأغراض العلمية.
كم عدد الوحدات الدراسية للمقرر الثاني للغة الإنجليزية للأغراض العلمية؟,عدد الوحدات الدراسية للمقرر الثاني للغة الإنجليزية للأغراض العلمية (LNGT 103) هو 2 وحدة دراسية.
ما هي المقررات التي تحتوي على ساعات عملية في المستوى الثاني؟,المقررات التي تحتوي على ساعات عملية في المستوى الثاني هي: أسس البرمجة (CS 101) ومقدمة حوسبة (IT 101)، حيث يحتوي كل منهما على 2 ساعة نظري و2 ساعة عملي.
ما هي المقررات التي لا تحتوي على ساعات عملية في المستوى الثاني؟,المقررات التي لا تحتوي على ساعات عملية في المستوى الثاني هي: المهارات الجامعية (GNCR 100)، اللغة الإنجليزية للأغراض العلمية (LNGT 102)، اللغة الإنجليزية للأغراض العلمية (LNGT 103).
ما هي المقررات التي تدرس باللغة الإنجليزية في المستوى الثاني؟,المقررات التي تدرس باللغة الإنجليزية في المستوى الثاني تشمل: أسس البرمجة (CS 101)، مقدمة حوسبة (IT 101)، اللغة الإنجليزية للأغراض العلمية (LNGT 102)، اللغة الإنجليزية للأغراض العلمية (LNGT 103).
ما هي المقررات التي تدرس باللغة العربية في المستوى الثاني؟,المقررات التي تدرس باللغة العربية في المستوى الثاني تشمل: المهارات الجامعية (GNCR 100).
ما هي المقررات التي تعتبر متطلبات للمستويات اللاحقة في المستوى الثاني؟,المقررات التي تعتبر متطلبات للمستويات اللاحقة في المستوى الثاني تشمل: أسس البرمجة (CS 101)، حيث يعتبر متطلباً سابقاً لمقرر البرمجة الشيئية في المستوى الثالث.
ما هو توزيع الساعات النظرية والعملية في المستوى الثاني؟,توزيع الساعات في المستوى الثاني يشمل 30 ساعة نظرية و4 ساعات عملية، حيث يحتوي مقرر أسس البرمجة على 2 ساعة نظري و2 ساعة عملي، ومقرر المهارات الجامعية على 2 ساعة نظري، ومقرر مقدمة حوسبة على 2 ساعة نظري و2 ساعة عملي، ومقرر اللغة الإنجليزية للأغراض العلمية (LNGT 102) على 20 ساعة نظري، ومقرر اللغة الإنجليزية للأغراض العلمية (LNGT 103) على 4 ساعات نظري.
ما هي أهمية مقرر أسس البرمجة في برنامج علوم الحاسبات؟,مقرر أسس البرمجة (CS 101) يعتبر من أهم المقررات في برنامج علوم الحاسبات، حيث يعد حجر الأساس للمقررات البرمجية اللاحقة. يتعلم الطالب في هذا المقرر المفاهيم الأساسية للبرمجة وحل المشكلات وتطوير الخوارزميات، ويعتبر متطلباً سابقاً لمقرر البرمجة الشيئية في المستوى الثالث.
ما هي المقررات الدراسية في المستوى الثالث لبرنامج علوم الحاسبات؟,المقررات الدراسية في المستوى الثالث لبرنامج علوم الحاسبات هي: البرمجة الشيئية (CS 202)، تصميم المنطق الرقمي (CS 210)، رياضيات التطبيقية المحوسبة (CS 220)، الجبر الخطي (MATH 222)، الأنظمة الإلكترونية (PHYS 210)، بالإضافة إلى مقرر جامعة 1 (اختياري).
كم عدد الوحدات الدراسية في المستوى الثالث؟,عدد الوحدات الدراسية في المستوى الثالث هو 17 وحدة دراسية.
كم عدد المقررات في المستوى الثالث؟,عدد المقررات في المستوى الثالث هو 6 مقررات.
ما هو رمز ومسمى مقرر البرمجة الشيئية؟,رمز ومسمى مقرر البرمجة الشيئية هو CS 202 البرمجة الشيئية.
كم عدد الوحدات الدراسية لمقرر البرمجة الشيئية؟,عدد الوحدات الدراسية لمقرر البرمجة الشيئية هو 3 وحدات دراسية.
ما هو رمز ومسمى مقرر تصميم المنطق الرقمي؟,رمز ومسمى مقرر تصميم المنطق الرقمي هو CS 210 تصميم المنطق الرقمي.
كم عدد الوحدات الدراسية لمقرر تصميم المنطق الرقمي؟,عدد الوحدات الدراسية لمقرر تصميم المنطق الرقمي هو 3 وحدات دراسية.
ما هو رمز ومسمى مقرر رياضيات التطبيقية المحوسبة؟,رمز ومسمى مقرر رياضيات التطبيقية المحوسبة هو CS 220 رياضيات التطبيقية المحوسبة.
كم عدد الوحدات الدراسية لمقرر رياضيات التطبيقية المحوسبة؟,عدد الوحدات الدراسية لمقرر رياضيات التطبيقية المحوسبة هو 3 وحدات دراسية.
ما هو رمز ومسمى مقرر الجبر الخطي؟,رمز ومسمى مقرر الجبر الخطي هو MATH 222 الجبر الخطي.
كم عدد الوحدات الدراسية لمقرر الجبر الخطي؟,عدد الوحدات الدراسية لمقرر الجبر الخطي هو 3 وحدات دراسية.
ما هو رمز ومسمى مقرر الأنظمة الإلكترونية؟,رمز ومسمى مقرر الأنظمة الإلكترونية هو PHYS 210 الأنظمة الإلكترونية.
كم عدد الوحدات الدراسية لمقرر الأنظمة الإلكترونية؟,عدد الوحدات الدراسية لمقرر الأنظمة الإلكترونية هو 3 وحدات دراسية.
ما هو المقرر الاختياري في المستوى الثالث؟,المقرر الاختياري في المستوى الثالث هو مقرر جامعة 1.
كم عدد الوحدات الدراسية للمقرر الاختياري في المستوى الثالث؟,عدد الوحدات الدراسية للمقرر الاختياري في المستوى الثالث هو 2 وحدة دراسية.
ما هي المقررات التي تحتوي على ساعات عملية في المستوى الثالث؟,المقررات التي تحتوي على ساعات عملية في المستوى الثالث هي: البرمجة الشيئية (CS 202)، تصميم المنطق الرقمي (CS 210)، رياضيات التطبيقية المحوسبة (CS 220)، الأنظمة الإلكترونية (PHYS 210)، حيث يحتوي كل منها على 2 ساعة نظري و2 ساعة عملي.
ما هي المقررات التي تدرس باللغة الإنجليزية في المستوى الثالث؟,جميع المقررات في المستوى الثالث تدرس باللغة الإنجليزية باستثناء مقرر جامعة 1 (اختياري) الذي قد يدرس باللغة العربية حسب طبيعة المقرر المختار.
ما هي المقررات التي تعتبر متطلبات للمستويات اللاحقة في المستوى الثالث؟,المقررات التي تعتبر متطلبات للمستويات اللاحقة في المستوى الثالث تشمل: البرمجة الشيئية (CS 202) التي تعتبر متطلباً سابقاً لمقرر هياكل البيانات في المستوى الرابع، وتصميم المنطق الرقمي (CS 210) الذي يعتبر متطلباً سابقاً لمقرر تنظيم وبنيان الحاسب في المستوى الخامس.
ما هي القاعدة المتبعة لاختيار المقرر الاختياري في المستوى الثالث؟,القاعدة المتبعة لاختيار المقرر الاختياري في المستوى الثالث هي اختيار مقرر واحد من 5 مقررات متاحة ضمن متطلبات الجامعة.
ما هو توزيع الساعات النظرية والعملية في المستوى الثالث؟,توزيع الساعات في المستوى الثالث يشمل 6 ساعات نظرية و11 ساعة عملية، حيث تحتوي معظم المقررات على ساعات عملية بالإضافة إلى الساعات النظرية.
ما هي المقررات الدراسية في المستوى الرابع لبرنامج علوم الحاسبات؟,المقررات الدراسية في المستوى الرابع لبرنامج علوم الحاسبات هي: مقدمة في الإحصاء والاحتمالات (ASTA 210)، هياكل البيانات (CS 203)، تصميم وتحليل الخوارزميات (CS 221)، نظرية الحوسبة (CS 223)، قواعد البيانات (CS 240)، بالإضافة إلى مقرر ثقافة 2 (اختياري).
كم عدد الوحدات الدراسية في المستوى الرابع؟,عدد الوحدات الدراسية في المستوى الرابع هو 17 وحدة دراسية.
كم عدد المقررات في المستوى الرابع؟,عدد المقررات في المستوى الرابع هو 6 مقررات.
ما هو رمز ومسمى مقرر مقدمة في الإحصاء والاحتمالات؟,رمز ومسمى مقرر مقدمة في الإحصاء والاحتمالات هو ASTA 210 مقدمة في الإحصاء والاحتمالات.
كم عدد الوحدات الدراسية لمقرر مقدمة في الإحصاء والاحتمالات؟,عدد الوحدات الدراسية لمقرر مقدمة في الإحصاء والاحتمالات هو 3 وحدات دراسية.
ما هو رمز ومسمى مقرر هياكل البيانات؟,رمز ومسمى مقرر هياكل البيانات هو CS 203 هياكل البيانات.
كم عدد الوحدات الدراسية لمقرر هياكل البيانات؟,عدد الوحدات الدراسية لمقرر هياكل البيانات هو 3 وحدات دراسية.
ما هو رمز ومسمى مقرر تصميم وتحليل الخوارزميات؟,رمز ومسمى مقرر تصميم وتحليل الخوارزميات هو CS 221 تصميم وتحليل الخوارزميات.
كم عدد الوحدات الدراسية لمقرر تصميم وتحليل الخوارزميات؟,عدد الوحدات الدراسية لمقرر تصميم وتحليل الخوارزميات هو 3 وحدات دراسية.
ما هو رمز ومسمى مقرر نظرية الحوسبة؟,رمز ومسمى مقرر نظرية الحوسبة هو CS 223 نظرية الحوسبة.
كم عدد الوحدات الدراسية لمقرر نظرية الحوسبة؟,عدد الوحدات الدراسية لمقرر نظرية الحوسبة هو 3 وحدات دراسية.
ما هو رمز ومسمى مقرر قواعد البيانات؟,رمز ومسمى مقرر قواعد البيانات هو CS 240 قواعد البيانات.
كم عدد الوحدات الدراسية لمقرر قواعد البيانات؟,عدد الوحدات الدراسية لمقرر قواعد البيانات هو 3 وحدات دراسية.
ما هو المقرر الاختياري في المستوى الرابع؟,المقرر الاختياري في المستوى الرابع هو مقرر ثقافة 2.
كم عدد الوحدات الدراسية للمقرر الاختياري في المستوى الرابع؟,عدد الوحدات الدراسية للمقرر الاختياري في المستوى الرابع هو 2 وحدة دراسية.
ما هي المقررات التي تحتوي على ساعات عملية في المستوى الرابع؟,المقررات التي تحتوي على ساعات عملية في المستوى الرابع هي: هياكل البيانات (CS 203)، تصميم وتحليل الخوارزميات (CS 221)، قواعد البيانات (CS 240)، حيث يحتوي كل منها على 2 ساعة نظري و2 ساعة عملي.
ما هي المقررات التي تدرس باللغة الإنجليزية في المستوى الرابع؟,جميع المقررات في المستوى الرابع تدرس باللغة الإنجليزية باستثناء مقرر ثقافة 2 (اختياري) الذي يدرس باللغة العربية.
ما هي المقررات التي تعتبر متطلبات للمستويات اللاحقة في المستوى الرابع؟,المقررات التي تعتبر متطلبات للمستويات اللاحقة في المستوى الرابع تشمل: هياكل البيانات (CS 203) الذي يعتبر متطلباً سابقاً لمقرر البرمجة المتقدمة في المستوى السادس، وتصميم وتحليل الخوارزميات (CS 221) الذي يعتبر متطلباً سابقاً لمقرر تصميم وتحليل الخوارزميات المتقدمة في المستوى الخامس، وقواعد البيانات (CS 240) الذي يعتبر متطلباً سابقاً لبعض مقررات التخصص الاختيارية.
ما هي القاعدة المتبعة لاختيار المقرر الاختياري في المستوى الرابع؟,القاعدة المتبعة لاختيار المقرر الاختياري في المستوى الرابع هي اختيار مقرر واحد من 8 مقررات ثقافية متاحة.
ما هو توزيع الساعات النظرية والعملية في المستوى الرابع؟,توزيع الساعات في المستوى الرابع يشمل 6 ساعات نظرية و9 ساعات عملية و3 ساعات أخرى، حيث يحتوي مقرر مقدمة في الإحصاء والاحتمالات على 3 ساعات أخرى، ومقرر نظرية الحوسبة على 3 ساعات نظرية، بينما تحتوي المقررات الأخرى على ساعات نظرية وعملية.
ما هي المقررات الدراسية في المستوى الخامس لبرنامج علوم الحاسبات؟,المقررات الدراسية في المستوى الخامس لبرنامج علوم الحاسبات هي: برمجة الويب (CS 305)، تنظيم وبنيان الحاسب (CS 311)، تصميم وتحليل الخوارزميات المتقدمة (CS 322)، هندسة البرمجيات (CS 350)، الرسم بالحاسب (CS 380)، ريادة الأعمال (HR 100).
كم عدد الوحدات الدراسية في المستوى الخامس؟,عدد الوحدات الدراسية في المستوى الخامس هو 17 وحدة دراسية.
كم عدد المقررات في المستوى الخامس؟,عدد المقررات في المستوى الخامس هو 6 مقررات.
ما هو رمز ومسمى مقرر برمجة الويب؟,رمز ومسمى مقرر برمجة الويب هو CS 305 برمجة الويب.
كم عدد الوحدات الدراسية لمقرر برمجة الويب؟,عدد الوحدات الدراسية لمقرر برمجة الويب هو 3 وحدات دراسية.
ما هو رمز ومسمى مقرر تنظيم وبنيان الحاسب؟,رمز ومسمى مقرر تنظيم وبنيان الحاسب هو CS 311 تنظيم وبنيان الحاسب.
كم عدد الوحدات الدراسية لمقرر تنظيم وبنيان الحاسب؟,عدد الوحدات الدراسية لمقرر تنظيم وبنيان الحاسب هو 3 وحدات دراسية.
ما هو رمز ومسمى مقرر تصميم وتحليل الخوارزميات المتقدمة؟,رمز ومسمى مقرر تصميم وتحليل الخوارزميات المتقدمة هو CS 322 تصميم وتحليل الخوارزميات المتقدمة.
كم عدد الوحدات الدراسية لمقرر تصميم وتحليل الخوارزميات المتقدمة؟,عدد الوحدات الدراسية لمقرر تصميم وتحليل الخوارزميات المتقدمة هو 3 وحدات دراسية.
ما هو رمز ومسمى مقرر هندسة البرمجيات؟,رمز ومسمى مقرر هندسة البرمجيات هو CS 350 هندسة البرمجيات.
كم عدد الوحدات الدراسية لمقرر هندسة البرمجيات؟,عدد الوحدات الدراسية لمقرر هندسة البرمجيات هو 3 وحدات دراسية.
ما هو رمز ومسمى مقرر الرسم بالحاسب؟,رمز ومسمى مقرر الرسم بالحاسب هو CS 380 الرسم بالحاسب.
كم عدد الوحدات الدراسية لمقرر الرسم بالحاسب؟,عدد الوحدات الدراسية لمقرر الرسم بالحاسب هو 3 وحدات دراسية.
ما هو رمز ومسمى مقرر ريادة الأعمال؟,رمز ومسمى مقرر ريادة الأعمال هو HR 100 ريادة الأعمال.
كم عدد الوحدات الدراسية لمقرر ريادة الأعمال؟,عدد الوحدات الدراسية لمقرر ريادة الأعمال هو 2 وحدة دراسية.
ما هي المقررات التي تحتوي على ساعات عملية في المستوى الخامس؟,المقررات التي تحتوي على ساعات عملية في المستوى الخامس هي: برمجة الويب (CS 305)، تنظيم وبنيان الحاسب (CS 311)، تصميم وتحليل الخوارزميات المتقدمة (CS 322)، هندسة البرمجيات (CS 350)، الرسم بالحاسب (CS 380)، حيث تحتوي معظمها على 2 ساعة نظري و2 ساعة عملي.
ما هي المقررات التي تحتوي على ساعات أخرى في المستوى الخامس؟,المقررات التي تحتوي على ساعات أخرى في المستوى الخامس هي: الرسم بالحاسب (CS 380) الذي يحتوي على 2 ساعة أخرى بالإضافة إلى 2 ساعة عملي، وريادة الأعمال (HR 100) الذي يحتوي على 2 ساعة أخرى.
ما هي المقررات التي تدرس باللغة الإنجليزية في المستوى الخامس؟,جميع المقررات التخصصية في المستوى الخامس تدرس باللغة الإنجليزية، بينما قد يدرس مقرر ريادة الأعمال (HR 100) باللغة العربية.
ما هي المقررات التي تعتبر متطلبات للمستويات اللاحقة في المستوى الخامس؟,المقررات التي تعتبر متطلبات للمستويات اللاحقة في المستوى الخامس تشمل: تنظيم وبنيان الحاسب (CS 311) الذي يعتبر متطلباً سابقاً لمقرر نظم التشغيل في المستوى السادس، وهندسة البرمجيات (CS 350) الذي يعتبر متطلباً سابقاً لمشروع التخرج في المستوى السابع.
ما هو توزيع الساعات النظرية والعملية والأخرى في المستوى الخامس؟,توزيع الساعات في المستوى الخامس يشمل 8 ساعات نظرية و10 ساعات عملية و4 ساعات أخرى، حيث تحتوي معظم المقررات على ساعات نظرية وعملية، بينما يحتوي مقرر الرسم بالحاسب على ساعات عملية وأخرى، ومقرر ريادة الأعمال على ساعات أخرى فقط.
ما هي المقررات الدراسية في المستوى السادس لبرنامج علوم الحاسبات؟,المقررات الدراسية في المستوى السادس لبرنامج علوم الحاسبات هي: البرمجة المتقدمة (CS 304)، نظم التشغيل (CS 312)، شبكات الحاسب (CS 370)، الجبر الخطي (MATH 324)، بالإضافة إلى مقرر تخصص 1 (اختياري) ومقرر جامعة 2 (اختياري).
كم عدد الوحدات الدراسية في المستوى السادس؟,عدد الوحدات الدراسية في المستوى السادس هو 17 وحدة دراسية.
كم عدد المقررات في المستوى السادس؟,عدد المقررات في المستوى السادس هو 6 مقررات.
ما هو رمز ومسمى مقرر البرمجة المتقدمة؟,رمز ومسمى مقرر البرمجة المتقدمة هو CS 304 البرمجة المتقدمة.
كم عدد الوحدات الدراسية لمقرر البرمجة المتقدمة؟,عدد الوحدات الدراسية لمقرر البرمجة المتقدمة هو 3 وحدات دراسية.
ما هو رمز ومسمى مقرر نظم التشغيل؟,رمز ومسمى مقرر نظم التشغيل هو CS 312 نظم التشغيل.
كم عدد الوحدات الدراسية لمقرر نظم التشغيل؟,عدد الوحدات الدراسية لمقرر نظم التشغيل هو 3 وحدات دراسية.
ما هو رمز ومسمى مقرر شبكات الحاسب؟,رمز ومسمى مقرر شبكات الحاسب هو CS 370 شبكات الحاسب.
كم عدد الوحدات الدراسية لمقرر شبكات الحاسب؟,عدد الوحدات الدراسية لمقرر شبكات الحاسب هو 3 وحدات دراسية.
ما هو رمز ومسمى مقرر الجبر الخطي في المستوى السادس؟,رمز ومسمى مقرر الجبر الخطي في المستوى السادس هو MATH 324 الجبر الخطي.
كم عدد الوحدات الدراسية لمقرر الجبر الخطي في المستوى السادس؟,عدد الوحدات الدراسية لمقرر الجبر الخطي في المستوى السادس هو 3 وحدات دراسية.
ما هو المقرر الاختياري الأول في المستوى السادس؟,المقرر الاختياري الأول في المستوى السادس هو مقرر تخصص 1.
كم عدد الوحدات الدراسية للمقرر الاختياري الأول في المستوى السادس؟,عدد الوحدات الدراسية للمقرر الاختياري الأول في المستوى السادس (تخصص 1) هو 3 وحدات دراسية.
ما هو المقرر الاختياري الثاني في المستوى السادس؟,المقرر الاختياري الثاني في المستوى السادس هو مقرر جامعة 2.
كم عدد الوحدات الدراسية للمقرر الاختياري الثاني في المستوى السادس؟,عدد الوحدات الدراسية للمقرر الاختياري الثاني في المستوى السادس (جامعة 2) هو 2 وحدة دراسية.
ما هي المقررات التي تحتوي على ساعات عملية في المستوى السادس؟,المقررات التي تحتوي على ساعات عملية في المستوى السادس هي: البرمجة المتقدمة (CS 304)، نظم التشغيل (CS 312)، شبكات الحاسب (CS 370)، حيث يحتوي كل منها على 2 ساعة نظري و2 ساعة عملي.
ما هي المقررات التي تحتوي على ساعات أخرى في المستوى السادس؟,المقررات التي تحتوي على ساعات أخرى في المستوى السادس هي: الجبر الخطي (MATH 324) الذي يحتوي على 2 ساعة عملي و2 ساعة أخرى.
ما هي المقررات التي تدرس باللغة الإنجليزية في المستوى السادس؟,جميع المقررات التخصصية في المستوى السادس تدرس باللغة الإنجليزية، بينما قد يدرس مقرر جامعة 2 (اختياري) باللغة العربية حسب طبيعة المقرر المختار.
ما هي القاعدة المتبعة لاختيار المقرر الاختياري الأول في المستوى السادس؟,القاعدة المتبعة لاختيار المقرر الاختياري الأول في المستوى السادس (تخصص 1) هي اختيار مقرر واحد بقيمة 3 ساعات من قائمة مقررات التخصص الاختيارية المتاحة.
ما هي القاعدة المتبعة لاختيار المقرر الاختياري الثاني في المستوى السادس؟,القاعدة المتبعة لاختيار المقرر الاختياري الثاني في المستوى السادس (جامعة 2) هي اختيار مقرر واحد من 5 مقررات متاحة ضمن متطلبات الجامعة.
ما هي المقررات الدراسية في المستوى السابع لبرنامج علوم الحاسبات؟,المقررات الدراسية في المستوى السابع لبرنامج علوم الحاسبات هي: برمجة الموبايل (CS 406)، الذكاء الاصطناعي (CS 424)، الأمن السيبراني (CS 471)، مشروع التخرج 1 (CS 497)، بالإضافة إلى مقرر تخصص 2 (اختياري)، مقرر تخصص 3 (اختياري)، ومقرر حر 1 (اختياري).
كم عدد الوحدات الدراسية في المستوى السابع؟,عدد الوحدات الدراسية في المستوى السابع هو 18 وحدة دراسية.
كم عدد المقررات في المستوى السابع؟,عدد المقررات في المستوى السابع هو 7 مقررات.
ما هو رمز ومسمى مقرر برمجة الموبايل؟,رمز ومسمى مقرر برمجة الموبايل هو CS 406 برمجة الموبايل.
كم عدد الوحدات الدراسية لمقرر برمجة الموبايل؟,عدد الوحدات الدراسية لمقرر برمجة الموبايل هو 3 وحدات دراسية.
ما هو رمز ومسمى مقرر الذكاء الاصطناعي؟,رمز ومسمى مقرر الذكاء الاصطناعي هو CS 424 الذكاء الاصطناعي.
كم عدد الوحدات الدراسية لمقرر الذكاء الاصطناعي؟,عدد الوحدات الدراسية لمقرر الذكاء الاصطناعي هو 3 وحدات دراسية.
ما هو رمز ومسمى مقرر الأمن السيبراني؟,رمز ومسمى مقرر الأمن السيبراني هو CS 471 الأمن السيبراني.
كم عدد الوحدات الدراسية لمقرر الأمن السيبراني؟,عدد الوحدات الدراسية لمقرر الأمن السيبراني هو 3 وحدات دراسية.
ما هو رمز ومسمى مقرر مشروع التخرج 1؟,رمز ومسمى مقرر مشروع التخرج 1 هو CS 497 مشروع التخرج 1.
كم عدد الوحدات الدراسية لمقرر مشروع التخرج 1؟,عدد الوحدات الدراسية لمقرر مشروع التخرج 1 هو 1 وحدة دراسية.
ما هي المقررات الاختيارية في المستوى السابع؟,المقررات الاختيارية في المستوى السابع هي: مقرر تخصص 2، مقرر تخصص 3، ومقرر حر 1.
كم عدد الوحدات الدراسية للمقررات الاختيارية في المستوى السابع؟,عدد الوحدات الدراسية للمقررات الاختيارية في المستوى السابع هو 8 وحدات دراسية، حيث يحتوي مقرر تخصص 2 على 3 وحدات، ومقرر تخصص 3 على 3 وحدات، ومقرر حر 1 على 2 وحدة.
ما هي المقررات التي تحتوي على ساعات عملية في المستوى السابع؟,المقررات التي تحتوي على ساعات عملية في المستوى السابع هي: برمجة الموبايل (CS 406)، الذكاء الاصطناعي (CS 424)، الأمن السيبراني (CS 471)، حيث يحتوي كل منها على 2 ساعة نظري و2 ساعة عملي.
ما هي المقررات التي تحتوي على ساعات أخرى في المستوى السابع؟,المقررات التي تحتوي على ساعات أخرى في المستوى السابع هي: مشروع التخرج 1 (CS 497) الذي يحتوي على 1 ساعة أخرى.
ما هي المقررات التي تدرس باللغة الإنجليزية في المستوى السابع؟,جميع المقررات التخصصية في المستوى السابع تدرس باللغة الإنجليزية، بينما قد يدرس مقرر حر 1 (اختياري) باللغة العربية أو الإنجليزية حسب طبيعة المقرر المختار.
ما هي القاعدة المتبعة لاختيار المقررات الاختيارية في المستوى السابع؟,القاعدة المتبعة لاختيار المقررات الاختيارية في المستوى السابع هي: اختيار مقررين من قائمة مقررات التخصص الاختيارية المتاحة بقيمة 3 وحدات لكل منهما، واختيار مقرر واحد من 4 مقررات متاحة ضمن المقررات الحرة بقيمة 2 وحدة.
ما هي متطلبات مقرر مشروع التخرج 1؟,متطلبات مقرر مشروع التخرج 1 تشمل اجتياز عدد معين من الساعات المعتمدة (عادة 100 ساعة معتمدة) واجتياز مقرر هندسة البرمجيات (CS 350).
ما هي المقررات التي تعتبر متطلبات للمستوى الثامن في المستوى السابع؟,المقررات التي تعتبر متطلبات للمستوى الثامن في المستوى السابع تشمل: مشروع التخرج 1 (CS 497) الذي يعتبر متطلباً سابقاً لمقرر مشروع التخرج 2 (CS 498) في المستوى الثامن.
ما هو توزيع الساعات النظرية والعملية والأخرى في المستوى السابع؟,توزيع الساعات في المستوى السابع يشمل 6 ساعات نظرية و6 ساعات عملية و1 ساعة أخرى للمقررات الإجبارية، بالإضافة إلى ساعات المقررات الاختيارية التي تختلف حسب المقررات المختارة.
ما هي المقررات الدراسية في المستوى الثامن لبرنامج علوم الحاسبات؟,المقررات الدراسية في المستوى الثامن لبرنامج علوم الحاسبات هي: بناء المترجمات (CS 407)، مشروع التخرج 2 (CS 498)، التدريب الميداني (CS 499)، بالإضافة إلى مقرر تخصص 4 (اختياري) ومقرر حر 2 (اختياري).
كم عدد الوحدات الدراسية في المستوى الثامن؟,عدد الوحدات الدراسية في المستوى الثامن هو 13 وحدة دراسية.
كم عدد المقررات في المستوى الثامن؟,عدد المقررات في المستوى الثامن هو 5 مقررات.
ما هو رمز ومسمى مقرر بناء المترجمات؟,رمز ومسمى مقرر بناء المترجمات هو CS 407 بناء المترجمات.
كم عدد الوحدات الدراسية لمقرر بناء المترجمات؟,عدد الوحدات الدراسية لمقرر بناء المترجمات هو 3 وحدات دراسية.
ما هو رمز ومسمى مقرر مشروع التخرج 2؟,رمز ومسمى مقرر مشروع التخرج 2 هو CS 498 مشروع التخرج 2.
كم عدد الوحدات الدراسية لمقرر مشروع التخرج 2؟,عدد الوحدات الدراسية لمقرر مشروع التخرج 2 هو 3 وحدات دراسية.
ما هو رمز ومسمى مقرر التدريب الميداني؟,رمز ومسمى مقرر التدريب الميداني هو CS 499 التدريب الميداني.
كم عدد الوحدات الدراسية لمقرر التدريب الميداني؟,عدد الوحدات الدراسية لمقرر التدريب الميداني هو 2 وحدة دراسية.
ما هي المقررات الاختيارية في المستوى الثامن؟,المقررات الاختيارية في المستوى الثامن هي: مقرر تخصص 4 ومقرر حر 2.
كم عدد الوحدات الدراسية للمقررات الاختيارية في المستوى الثامن؟,عدد الوحدات الدراسية للمقررات الاختيارية في المستوى الثامن هو 5 وحدات دراسية، حيث يحتوي مقرر تخصص 4 على 3 وحدات ومقرر حر 2 على 2 وحدة.
ما هي المقررات التي تحتوي على ساعات عملية في المستوى الثامن؟,المقررات التي تحتوي على ساعات عملية في المستوى الثامن هي: بناء المترجمات (CS 407) الذي يحتوي على 2 ساعة نظري و2 ساعة عملي، ومشروع التخرج 2 (CS 498) الذي يحتوي على 3 ساعات عملي.
ما هي المقررات التي تحتوي على ساعات نظرية في المستوى الثامن؟,المقررات التي تحتوي على ساعات نظرية في المستوى الثامن هي: بناء المترجمات (CS 407) الذي يحتوي على 2 ساعة نظري و2 ساعة عملي، والتدريب الميداني (CS 499) الذي يحتوي على 2 ساعة نظري.
ما هي المقررات التي تدرس باللغة الإنجليزية في المستوى الثامن؟,جميع المقررات التخصصية في المستوى الثامن تدرس باللغة الإنجليزية، بينما قد يدرس مقرر حر 2 (اختياري) باللغة العربية أو الإنجليزية حسب طبيعة المقرر المختار.
ما هي القاعدة المتبعة لاختيار المقررات الاختيارية في المستوى الثامن؟,القاعدة المتبعة لاختيار المقررات الاختيارية في المستوى الثامن هي: اختيار مقرر واحد من قائمة مقررات التخصص الاختيارية المتاحة بقيمة 3 وحدات، واختيار مقرر واحد من 4 مقررات متاحة ضمن المقررات الحرة بقيمة 2 وحدة.
ما هي متطلبات مقرر مشروع التخرج 2؟,متطلبات مقرر مشروع التخرج 2 تشمل اجتياز مقرر مشروع التخرج 1 (CS 497) في المستوى السابع.
ما هي متطلبات مقرر التدريب الميداني؟,متطلبات مقرر التدريب الميداني تشمل اجتياز عدد معين من الساعات المعتمدة (عادة 100 ساعة معتمدة) واجتياز مقررات تخصصية محددة.
ما هو توزيع الساعات النظرية والعملية في المستوى الثامن؟,توزيع الساعات في المستوى الثامن يشمل 4 ساعات نظرية و5 ساعات عملية للمقررات الإجبارية، بالإضافة إلى ساعات المقررات الاختيارية التي تختلف حسب المقررات المختارة.
ما هي أهمية مقرر التدريب الميداني في برنامج علوم الحاسبات؟,مقرر التدريب الميداني (CS 499) يعتبر من المقررات المهمة في برنامج علوم الحاسبات، حيث يتيح للطالب فرصة تطبيق المعارف والمهارات المكتسبة خلال دراسته في بيئة عمل حقيقية، ويساعده على اكتساب خبرة عملية وتطوير مهارات التواصل والعمل ضمن فريق، مما يعزز فرصه في سوق العمل بعد التخرج.
ما هي العلاقة بين مقرر مشروع التخرج 1 ومقرر مشروع التخرج 2؟,مقرر مشروع التخرج 1 (CS 497) ومقرر مشروع التخرج 2 (CS 498) مرتبطان ببعضهما البعض، حيث يركز مقرر مشروع التخرج 1 على تحديد موضوع المشروع وإعداد المقترح البحثي وخطة العمل، بينما يركز مقرر مشروع التخرج 2 على تنفيذ المشروع وتطويره وتوثيقه وعرضه ومناقشته. يعتبر مقرر مشروع التخرج 1 متطلباً سابقاً لمقرر مشروع التخرج 2.
ما هي المقررات الإجبارية في برنامج علوم الحاسبات؟,المقررات الإجبارية في برنامج علوم الحاسبات تشمل مقررات متطلبات الجامعة الإجبارية، ومقررات متطلبات الكلية الإجبارية، ومقررات متطلبات التخصص الإجبارية، وتشكل حوالي 80% من إجمالي المقررات في البرنامج.
ما هي المقررات الاختيارية في برنامج علوم الحاسبات؟,المقررات الاختيارية في برنامج علوم الحاسبات تشمل مقررات متطلبات الجامعة الاختيارية، ومقررات التخصص الاختيارية، والمقررات الحرة، وتشكل حوالي 20% من إجمالي المقررات في البرنامج.
كم عدد المقررات الإجبارية في برنامج علوم الحاسبات؟,عدد المقررات الإجبارية في برنامج علوم الحاسبات هو حوالي 35 مقرراً.
كم عدد المقررات الاختيارية في برنامج علوم الحاسبات؟,عدد المقررات الاختيارية التي يجب على الطالب اجتيازها في برنامج علوم الحاسبات هو 9 مقررات، تشمل مقررين للثقافة، ومقررين لمتطلبات الجامعة، وأربعة مقررات تخصص اختيارية، ومقررين حرين.
ما هي مقررات متطلبات الجامعة الإجبارية في البرنامج؟,مقررات متطلبات الجامعة الإجبارية في البرنامج تشمل: الثقافة الرقمية (IT 100)، المهارات الجامعية (GNCR 100)، ريادة الأعمال (HR 100).
ما هي مقررات متطلبات الجامعة الاختيارية في البرنامج؟,مقررات متطلبات الجامعة الاختيارية في البرنامج تشمل: مقررات الثقافة (ثقافة 1 وثقافة 2)، ومقررات جامعة (جامعة 1 وجامعة 2)، حيث يختار الطالب مقررين للثقافة من 8 مقررات متاحة، ومقررين لمتطلبات الجامعة من 5 مقررات متاحة.
ما هي مقررات متطلبات الكلية الإجبارية في البرنامج؟,مقررات متطلبات الكلية الإجبارية في البرنامج تشمل: لغة إنجليزية 1 (LNGT 101)، اللغة الإنجليزية للأغراض العلمية (LNGT 102)، اللغة الإنجليزية للأغراض العلمية (LNGT 103)، حساب التفاضل والتكامل 1 (MATH 110)، الجبر الخطي (MATH 222)، الجبر الخطي (MATH 324)، مقدمة في الإحصاء والاحتمالات (ASTA 210)، فيزياء عامة 1 (PHYS 110)، الأنظمة الإلكترونية (PHYS 210).
ما هي مقررات متطلبات التخصص الإجبارية في البرنامج؟,مقررات متطلبات التخصص الإجبارية في البرنامج تشمل: أسس البرمجة (CS 101)، البرمجة الشيئية (CS 202)، هياكل البيانات (CS 203)، البرمجة المتقدمة (CS 304)، برمجة الويب (CS 305)، برمجة الموبايل (CS 406)، بناء المترجمات (CS 407)، تصميم المنطق الرقمي (CS 210)، تنظيم وبنيان الحاسب (CS 311)، نظم التشغيل (CS 312)، رياضيات التطبيقية المحوسبة (CS 220)، تصميم وتحليل الخوارزميات (CS 221)، تصميم وتحليل الخوارزميات المتقدمة (CS 322)، نظرية الحوسبة (CS 223)، قواعد البيانات (CS 240)، هندسة البرمجيات (CS 350)، الرسم بالحاسب (CS 380)، شبكات الحاسب (CS 370)، الذكاء الاصطناعي (CS 424)، الأمن السيبراني (CS 471)، مشروع التخرج 1 (CS 497)، مشروع التخرج 2 (CS 498)، التدريب الميداني (CS 499)، مقدمة حوسبة (IT 101).
ما هي مقررات التخصص الاختيارية في البرنامج؟,مقررات التخصص الاختيارية في البرنامج تشمل مجموعة من المقررات المتخصصة في مجالات مختلفة من علوم الحاسب، حيث يختار الطالب أربعة مقررات من قائمة المقررات المتاحة، وتشمل مقررات في مجالات مثل: الذكاء الاصطناعي المتقدم، تعلم الآلة، معالجة اللغات الطبيعية، الرؤية الحاسوبية، تطوير تطبيقات الويب المتقدمة، تطوير تطبيقات الموبايل المتقدمة، أمن المعلومات المتقدم، الحوسبة السحابية، إنترنت الأشياء، وغيرها.
ما هي المقررات الحرة في البرنامج؟,المقررات الحرة في البرنامج هي مقرران (حر 1 وحر 2) بإجمالي 4 وحدات دراسية، يختارهما الطالب من قائمة المقررات الحرة المتاحة، والتي تشمل مقررات من تخصصات مختلفة خارج تخصص علوم الحاسب.
كم عدد مقررات متطلبات الجامعة الإجبارية في البرنامج؟,عدد مقررات متطلبات الجامعة الإجبارية في البرنامج هو 3 مقررات.
كم عدد مقررات متطلبات الجامعة الاختيارية في البرنامج؟,عدد مقررات متطلبات الجامعة الاختيارية التي يجب على الطالب اجتيازها في البرنامج هو 4 مقررات (مقررين للثقافة ومقررين لمتطلبات الجامعة).
كم عدد مقررات متطلبات الكلية الإجبارية في البرنامج؟,عدد مقررات متطلبات الكلية الإجبارية في البرنامج هو 9 مقررات.
كم عدد مقررات متطلبات التخصص الإجبارية في البرنامج؟,عدد مقررات متطلبات التخصص الإجبارية في البرنامج هو حوالي 24 مقرراً.
كم عدد مقررات التخصص الاختيارية في البرنامج؟,عدد مقررات التخصص الاختيارية التي يجب على الطالب اجتيازها في البرنامج هو 4 مقررات.
كم عدد المقررات الحرة في البرنامج؟,عدد المقررات الحرة التي يجب على الطالب اجتيازها في البرنامج هو 2 مقرران.
ما هي المقررات التي تحتوي على ساعات عملية في البرنامج؟,المقررات التي تحتوي على ساعات عملية في البرنامج تشمل معظم مقررات التخصص مثل: أسس البرمجة، البرمجة الشيئية، هياكل البيانات، البرمجة المتقدمة، برمجة الويب، برمجة الموبايل، تصميم المنطق الرقمي، تنظيم وبنيان الحاسب، نظم التشغيل، قواعد البيانات، هندسة البرمجيات، الرسم بالحاسب، شبكات الحاسب، الذكاء الاصطناعي، الأمن السيبراني، وغيرها.
ما هي المقررات التي تحتوي على ساعات أخرى في البرنامج؟,المقررات التي تحتوي على ساعات أخرى في البرنامج تشمل: مقدمة في الإحصاء والاحتمالات، الرسم بالحاسب، ريادة الأعمال، مشروع التخرج 1، وبعض المقررات الأخرى.
ما هي المقررات التي تدرس باللغة الإنجليزية في البرنامج؟,المقررات التي تدرس باللغة الإنجليزية في البرنامج تشمل معظم مقررات التخصص ومقررات الكلية، مثل: جميع مقررات علوم الحاسب (CS)، ومقررات الرياضيات والفيزياء والإحصاء، ومقررات اللغة الإنجليزية.
ما هي المقررات التي تدرس باللغة العربية في البرنامج؟,المقررات التي تدرس باللغة العربية في البرنامج تشمل بعض مقررات متطلبات الجامعة مثل: الثقافة الرقمية، المهارات الجامعية، ريادة الأعمال، ومقررات الثقافة، وبعض مقررات متطلبات الجامعة الاختيارية، وبعض المقررات الحرة.
ما هي متطلبات التخرج من برنامج علوم الحاسبات؟,متطلبات التخرج من برنامج علوم الحاسبات تشمل: اجتياز جميع المقررات الإجبارية والاختيارية المطلوبة في الخطة الدراسية بإجمالي 127 وحدة دراسية، والحصول على معدل تراكمي لا يقل عن 2.00 من 5.00، واجتياز مشروع التخرج بنجاح، وإكمال التدريب الميداني بنجاح.
كم عدد الوحدات الدراسية المطلوبة للتخرج من برنامج علوم الحاسبات؟,عدد الوحدات الدراسية المطلوبة للتخرج من برنامج علوم الحاسبات هو 127 وحدة دراسية.
ما هو الحد الأدنى للمعدل التراكمي المطلوب للتخرج من برنامج علوم الحاسبات؟,الحد الأدنى للمعدل التراكمي المطلوب للتخرج من برنامج علوم الحاسبات هو 2.00 من 5.00.
ما هي مدة برنامج علوم الحاسبات؟,مدة برنامج علوم الحاسبات هي 4 سنوات (8 فصول دراسية) للطلاب المنتظمين بدوام كامل.
ما هي أهمية مشروع التخرج في برنامج علوم الحاسبات؟,مشروع التخرج في برنامج علوم الحاسبات يعتبر تتويجاً للمعارف والمهارات التي اكتسبها الطالب خلال دراسته، حيث يقوم الطالب بتطبيق ما تعلمه في حل مشكلة حقيقية أو تطوير نظام برمجي متكامل. يساعد المشروع على تنمية مهارات البحث والتحليل والتصميم والتطوير والتوثيق والعرض لدى الطالب، ويعزز قدرته على العمل ضمن فريق وإدارة المشاريع.
ما هي مراحل مشروع التخرج في برنامج علوم الحاسبات؟,مراحل مشروع التخرج في برنامج علوم الحاسبات تشمل: اختيار موضوع المشروع، وإعداد مقترح المشروع، والحصول على موافقة المشرف ولجنة المشاريع، وتنفيذ المشروع، وكتابة التقرير النهائي، وإعداد العرض التقديمي، ومناقشة المشروع أمام لجنة التقييم. يتم توزيع هذه المراحل على مقررين: مشروع التخرج 1 (CS 497) ومشروع التخرج 2 (CS 498).
ما هي متطلبات التسجيل في مشروع التخرج 1؟,متطلبات التسجيل في مشروع التخرج 1 (CS 497) تشمل: اجتياز عدد معين من الساعات المعتمدة (عادة 100 ساعة معتمدة)، واجتياز مقرر هندسة البرمجيات (CS 350)، والحصول على معدل تراكمي لا يقل عن 2.00 من 5.00.
ما هي متطلبات التسجيل في مشروع التخرج 2؟,متطلبات التسجيل في مشروع التخرج 2 (CS 498) تشمل: اجتياز مقرر مشروع التخرج 1 (CS 497) بنجاح، والحصول على موافقة المشرف على مقترح المشروع.
كيف يتم تقييم مشروع التخرج في برنامج علوم الحاسبات؟,يتم تقييم مشروع التخرج في برنامج علوم الحاسبات بناءً على عدة معايير، تشمل: جودة المقترح البحثي، وجودة التنفيذ والتطبيق، وجودة التقرير النهائي، وجودة العرض التقديمي، والأداء في المناقشة النهائية. يتم توزيع الدرجات بين المشرف ولجنة المناقشة وفق نسب محددة.
ما هي أهمية التدريب الميداني في برنامج علوم الحاسبات؟,التدريب الميداني في برنامج علوم الحاسبات يتيح للطالب فرصة تطبيق المعارف والمهارات المكتسبة خلال دراسته في بيئة عمل حقيقية، ويساعده على اكتساب خبرة عملية وتطوير مهارات التواصل والعمل ضمن فريق، مما يعزز فرصه في سوق العمل بعد التخرج. كما يساعد التدريب الميداني الطالب على التعرف على متطلبات سوق العمل واكتشاف مجالات اهتمامه المهنية.
ما هي مدة التدريب الميداني في برنامج علوم الحاسبات؟,مدة التدريب الميداني في برنامج علوم الحاسبات هي 8 أسابيع (أو ما يعادل 240 ساعة تدريبية) بدوام كامل، ويتم عادة خلال الفصل الصيفي أو الفصل الدراسي الثامن.
ما هي متطلبات التسجيل في التدريب الميداني؟,متطلبات التسجيل في التدريب الميداني (CS 499) تشمل: اجتياز عدد معين من الساعات المعتمدة (عادة 100 ساعة معتمدة)، واجتياز مقررات تخصصية محددة، والحصول على معدل تراكمي لا يقل عن 2.00 من 5.00.
كيف يتم تقييم التدريب الميداني في برنامج علوم الحاسبات؟,يتم تقييم التدريب الميداني في برنامج علوم الحاسبات بناءً على عدة معايير، تشمل: تقييم المشرف الأكاديمي، وتقييم المشرف الميداني في جهة التدريب، وجودة التقرير النهائي للتدريب، وجودة العرض التقديمي. يتم توزيع الدرجات وفق نسب محددة.
ما هي الجهات التي يمكن للطالب التدرب فيها خلال فترة التدريب الميداني؟,الجهات التي يمكن للطالب التدرب فيها خلال فترة التدريب الميداني تشمل: شركات تطوير البرمجيات، وشركات تقنية المعلومات، والمؤسسات الحكومية، والبنوك، والمستشفيات، والجامعات، ومراكز البحوث، وأي جهة أخرى توفر فرص تدريب في مجال علوم الحاسب وتقنية المعلومات، شريطة موافقة القسم على جهة التدريب.
ما هي العلاقة بين مشروع التخرج والتدريب الميداني في برنامج علوم الحاسبات؟,مشروع التخرج والتدريب الميداني في برنامج علوم الحاسبات هما مقرران منفصلان ولكنهما مكملان لبعضهما البعض. يركز مشروع التخرج على تطبيق المعارف والمهارات في تطوير مشروع برمجي متكامل، بينما يركز التدريب الميداني على اكتساب خبرة عملية في بيئة عمل حقيقية. يمكن للطالب الاستفادة من خبرته في التدريب الميداني في تطوير مشروع التخرج، كما يمكنه تطبيق ما تعلمه في مشروع التخرج خلال فترة التدريب الميداني.
ما هو نظام التقديرات في الدراسات العليا؟,يتم تقييم المواد عادةً بنظام الحروف (A، B، C، F) أو بالنقاط (4.0، 3.0، 2.0، 0.0).
ما هي الدرجة الدنيا المطلوبة لاجتياز المادة؟,غالبًا، يجب الحصول على C (70%) أو أعلى لاجتياز المادة، لكن بعض الجامعات تشترط B (80%) كحد أدنى.
ماذا يحدث إذا حصل الطالب على درجة أقل من C؟,قد يُطلب منه إعادة المادة أو يتم وضعه تحت المراقبة الأكاديمية.
هل يتم تقييم جميع المواد بالدرجات؟,لا، بعض المواد تُقيّم بنظام ناجح/راسب (Pass/Fail) بدلاً من الدرجات.
ما هي طرق تقييم المواد في الدراسات العليا؟,تشمل الأبحاث، الاختبارات، المشاريع، العروض التقديمية، والتدريب العملي.
هل الامتحانات هي العامل الأساسي في التقييم؟,لا، يُركز التقييم أكثر على الأبحاث والمشاريع بدلًا من الاختبارات التقليدية.
هل يتم تقييم مشاركة الطالب في المحاضرات؟,نعم، في بعض المواد يتم تقييم المشاركة في المناقشات والندوات العلمية.
هل هناك متطلبات إضافية للنجاح في بعض المواد؟,نعم، مثل تقديم بحث أو اجتياز امتحان شامل.
ما هو الامتحان الشامل (Comprehensive Exam)؟,هو اختبار يقيّم المعرفة الشاملة في مجال التخصص، وعادةً يكون مطلوبًا في برامج الدكتوراه وبعض برامج الماجستير.
ماذا يحدث إذا لم يجتاز الطالب الامتحان الشامل؟,يمكنه إعادة الاختبار مرة أخرى، وإذا فشل قد يُمنع من إكمال البرنامج.
ما الفرق بين الرسالة (Thesis) والأطروحة (Dissertation)؟,الرسالة تُقدَّم في مرحلة الماجستير، بينما الأطروحة تُقدَّم في مرحلة الدكتوراه وتتطلب بحثًا أعمق.
هل يُشترط نشر أبحاث علمية ضمن متطلبات النجاح؟,في بعض التخصصات، مثل الدكتوراه، يُطلب نشر ورقة بحثية في مجلة علمية محكمة.
ما هو معدل التخرج المطلوب (GPA)؟,عادةً يجب أن يكون المعدل التراكمي 3.0 من 4.0 أو أعلى.
ماذا يحدث إذا انخفض معدل الطالب عن 3.0؟,قد يتم وضعه تحت المراقبة الأكاديمية أو يُطلب منه تحسين أدائه في الفصول القادمة.
هل يمكن للطالب إعادة المادة لتحسين درجته؟,نعم، ولكن قد تؤثر الإعادة على عدد الفصول الدراسية المطلوبة للتخرج.
ما دور المشرف الأكاديمي في تقييم الطالب؟,يوجّه الطالب في البحث الأكاديمي ويقيّم جودة الرسالة أو الأطروحة.
هل هناك متطلبات خاصة للبرامج المهنية مقارنة بالأكاديمية؟,نعم، البرامج المهنية تركز أكثر على المشاريع العملية والتدريب الميداني بدلاً من الأبحاث النظرية.
كيف يتم تقييم التدريب العملي (Internship/Practicum)؟,يتم التقييم بناءً على تقرير الأداء من جهة التدريب وتقييم المشرف الأكاديمي.
هل يؤثر الانسحاب من مادة على المعدل التراكمي؟,إذا تم الانسحاب قبل الموعد النهائي، لا يؤثر، أما بعده فقد يُسجل بدرجة “راسب” (F).
هل يمكن للطالب الطعن في نتيجته إذا شعر بوجود خطأ؟,نعم، يمكنه تقديم طلب مراجعة رسمية للجامعة لمراجعة درجته.
ما هو الحد الأدنى للمعدل المطلوب للتسجيل في برامج الماجستير؟,يختلف حسب الجامعة والتخصص، لكن غالبًا يكون الحد الأدنى 2.75 أو 3.0 من 4.0.
هل يمكن القبول بمعدل أقل من 2.75؟,في بعض الجامعات، يمكن القبول بمعدل أقل إذا كان لدى المتقدم خبرة عملية أو نشر بحث علمي.
ما هو المعدل المطلوب للتسجيل في برامج الدكتوراه؟,عادةً يُشترط معدل 3.0 أو 3.5 من 4.0 في مرحلة الماجستير.
هل هناك اختلاف في النسبة المطلوبة حسب التخصص؟,نعم، التخصصات الطبية والهندسية والإدارية قد تتطلب معدلات أعلى من التخصصات الأخرى.
هل يشترط الحصول على معدل معين في مواد التخصص؟,بعض الجامعات تشترط معدلًا معينًا في مواد التخصص الأساسية، مثل 3.0 فأعلى.
هل يختلف المعدل المطلوب بين الجامعات الحكومية والخاصة؟,نعم، الجامعات الحكومية عادةً تتطلب معدلات أعلى من بعض الجامعات الخاصة.
هل يمكن تعويض المعدل المنخفض بمتطلبات أخرى؟,نعم، مثل درجات مرتفعة في اختبارات GRE أو GMAT، أو خبرة عملية قوية.
ما هو المعدل المطلوب للحصول على منحة دراسات عليا؟,غالبًا يجب أن يكون المعدل 3.5 من 4.0 أو أعلى للحصول على منح تنافسية.
هل يتم قبول الطلاب الحاصلين على تقدير مقبول (Pass)؟,نادرًا، لكن بعض الجامعات قد تقبلهم بشروط إضافية مثل اجتياز اختبار تحضيري.
هل يُشترط معدل معين في شهادة الثانوية العامة؟,لا، القبول يعتمد على معدل البكالوريوس أو الماجستير وليس الثانوية.
هل يؤثر معدل الدبلوم العالي على قبول الماجستير؟,إذا كان الدبلوم العالي جزءًا من المؤهلات المطلوبة، فقد يؤخذ في الاعتبار.
هل هناك تسهيلات للمعدل إذا كان الطالب لديه خبرة عملية طويلة؟,بعض الجامعات تأخذ الخبرة المهنية بعين الاعتبار لتعويض المعدل المنخفض.
هل يختلف المعدل المطلوب بين الدراسة البحثية والدراسة التطبيقية؟,نعم، البرامج البحثية قد تتطلب معدلات أعلى مقارنة بالبرامج التطبيقية.
هل المعدل المطلوب ثابت أم يمكن تعديله سنويًا؟,قد يتغير الحد الأدنى للقبول بناءً على عدد المتقدمين ومستوى المنافسة.
هل الجامعات الأجنبية تتطلب معدلات أعلى من المحلية؟,غالبًا نعم، الجامعات العالمية المرموقة تطلب معدلات مرتفعة تصل إلى 3.5 أو 3.7 من 4.0.
هل هناك فرق في المعدل المطلوب بين الدراسة بدوام كامل ودوام جزئي؟,لا، المعدل المطلوب عادة يكون نفسه بغض النظر عن نوع الدراسة.
هل يمكن قبول الطلاب بمعدل أقل إذا اجتازوا مواد تحضيرية؟,نعم، بعض الجامعات توفر سنة تحضيرية للطلاب ذوي المعدلات المنخفضة.
هل المعدل المطلوب للطلاب الدوليين يختلف عن المحليين؟,لا يختلف، لكن يُشترط إثبات معادلة الشهادة إذا كانت من نظام تعليمي مختلف.
هل يمكن قبول الطلاب بشهادات قديمة بمعدلات جيدة؟,نعم، طالما كانت الشهادة معتمدة ولم تتجاوز فترة معينة (مثل 5-10 سنوات).
هل يختلف المعدل المطلوب للبرامج المهنية مثل MBA عن البرامج الأكاديمية؟,نعم، بعض برامج MBA قد تقبل معدلات أقل إذا كان لدى الطالب خبرة مهنية قوية.
ما هو الحد الأدنى للمعدل المطلوب للتسجيل في برامج الماجستير بجامعة الملك عبدالعزيز؟,جيد (لا يقل عن).
هل تشترط جامعة الملك عبدالعزيز متطلبات إضافية للمعدل في برامج الماجستير الأكاديمية؟,لا يوجد ذكر محدد للمعدل الرقمي، لكن يتطلب أيضًا درجة لا تقل عن 65 في اختبار القدرات العامة للجامعيين للبرامج الأكاديمية.
ما هو الحد الأدنى للتقدير المطلوب للقبول في مرحلة الماجستير بجامعة الملك سعود؟,جيد جدًا (على الأقل).
هل هناك استثناءات للتقدير المطلوب في جامعة الملك سعود؟,يجوز لمجلس عمادة الدراسات العليا قبول الحاصلين على تقدير “جيد مرتفع”. كما يجوز قبول الحاصلين على تقدير “جيد” في بعض البرامج بشرط ألا يقل معدل الطالب في مقررات التخصص لمرحلة البكالوريوس عن “جيد جدًا”.
ما هو الحد الأدنى للمعدل التراكمي المطلوب بجامعة الملك سعود بن عبدالعزيز للعلوم الصحية لخريجي كليات الطب وطب الأسنان؟,3.5 من 5.
ما هو الحد الأدنى للمعدل التراكمي المطلوب بجامعة الملك سعود بن عبدالعزيز للعلوم الصحية لبقية المتقدمين في التخصصات الصحية الأخرى؟,3.75 من 5.
ما هو المعدل المطلوب للتسجيل في برامج الماجستير (انتظام) بجامعة الإمام محمد بن سعود الإسلامية؟,3.25 من 5 (أو ما يعادلها).
ما هو المعدل المطلوب للتسجيل في برامج الماجستير (انتساب) بجامعة الإمام محمد بن سعود الإسلامية؟,4 من 5 (أو ما يعادلها)، وذلك حسب شروط القسم العلمي.
ما تعريف السلوك؟,كل ما يصدر من الطالب من أقوال أو أفعال، حركية أو لفظية بشكل صريح أو ضمني.
ما هو الانضباط الطلابي؟,التزام الطالب بالأنظمة والتعليمات الجامعية واللوائح الداخلية.
ما القواعد العامة للسلوك؟,الالتزام بالأنظمة، تجنب المخالفات، احترام التعليمات، وعدم الإخلال بالنظام العام.
من المسؤول عن متابعة السلوك والانضباط؟,اللجنة التأديبية برئاسة وكيل الجامعة للشؤون الأكاديمية.
ما تعريف المخالفة؟,عدم الالتزام بأنظمة الجامعة ولوائحها وتعليماتها بالأقوال أو الأفعال.
ما العقوبات التأديبية؟,تنبيه، إنذار، حرمان من الحقوق الجامعية، أو الفصل المؤقت أو النهائي.
كيف يعترض الطالب على العقوبات؟,وفق الإجراءات المحددة في لوائح الجامعة.
ما القواعد الخاصة بالوسائل الإلكترونية في الاختبارات؟,يمنع استخدام الأجهزة الإلكترونية (الجوالات والساعات الذكية).
ما أنواع المخالفات التأديبية؟,الغش، الإخلال بالنظام، عدم الالتزام بالتعليمات، استخدام وسائل غير مشروعة.
ما الإجراءات التأديبية بحق الطالب المخالف؟,التنبيه، الإنذار، الحرمان من الامتيازات، أو الفصل حسب المخالفة.
ما أهم التزامات الطالب الأكاديمية؟,الالتزام بالخطة الدراسية والتسجيل وفق الجداول المقررة، احترام أنظمة الجامعة ولوائحها الأكاديمية، تجنب الغش أو الانتحال أو الإخلال بالنزاهة الأكاديمية، حضور المحاضرات والالتزام بالمواعيد المحددة.
ما المحظورات الأكاديمية التي يجب تجنبها؟,تزوير الوثائق الأكاديمية أو استخدامها بطرق غير قانونية، الغش أو محاولة الغش في الاختبارات، تبادل الحسابات الجامعية أو استخدامها بشكل غير مصرح به، عرقلة سير الاختبارات أو الإخلال بالنظام داخل القاعات.
كيف يمكن للطالب الحفاظ على حقوقه الأكاديمية؟,متابعة التوجيه الأكاديمي والاستفسار عن أي مشكلات، تقديم التظلمات بشكل رسمي عند وجود خطأ أو ظلم أكاديمي، الالتزام بالإجراءات النظامية عند التعامل مع الأمور الأكاديمية.
ما أهم التزامات الطالب؟,الالتزام بلوائح الجامعة، احترام الممتلكات، والسلوك القويم.
هل يحق للطالب استخدام مرافق الجامعة؟,نعم، وفق الأنظمة، ولا يجوز استخدامها لأغراض شخصية غير مصرح بها.
ما العقوبات على المخالفات؟,عقوبات تأديبية حسب اللوائح الجامعية.
ما السلوكيات الممنوعة؟,مخالفة الآداب العامة، التزوير، إزعاج الآخرين، وإتلاف الممتلكات.
ما الهدف من قواعد السلوك والانضباط الطلابي؟,الضمان التزام الطلاب بأنظمة الجامعة ولوائحها وقواعدها، مما يعزز بيئة تعليمية منضبطة.
ما الجهة المختصة بالنظر في مخالفات الطلاب داخل الجامعة؟,اللجنة الدائمة للسلوك والانضباط الطلابي في الجامعة.
هل يمكن للطالب التظلم من قرارات لجنة السلوك والانضباط؟,نعم، يحق للطالب تقديم طلب استئناف على القرار الصادر بحقه.
من يترأس اللجنة الدائمة للسلوك والانضباط في الجامعة؟,وكيل الجامعة للشؤون الأكاديمية.
ما العقوبات التي يمكن أن تصدر بحق الطالب المخالف؟,قد تشمل العقوبات التنبيه، الإنذار، الحرمان من بعض الامتيازات، أو الفصل المؤقت أو النهائي من الجامعة.
هل يجوز للجنة السلوك والانضباط اتخاذ قرارات سرية؟,نعم، جميع اجتماعات اللجنة ومداولاتها سرية ولا يجوز إفشاء المعلومات المتعلقة بالمخالفات.
ما الهدف من قواعد السلوك والانضباط الطلاب؟,الهدف من القواعد إلى تنظيم سلوك الطلاب داخل الحرم الجامعي وضمان الالتزام بالقيم والأخلاق.
ما الإجراءات المتبعة عند مخالفة الطالب للقواعد السلوكية؟,1. التحقيق مع الطالب المخالف وإثبات مخالفته في محضر رسمي. 2. رفع القضية للجنة السلوك والانضباط لاتخاذ التوصية المناسبة. 3. إصدار القرار من اللجنة المختصة وتحديد العقوبة المناسبة بناء على طبيعة المخالفة.
ما العقوبات التي يمكن أن تفرض على الطالب المخالف؟,إنذار شفهي أو خطي، الحرمان من بعض الامتيازات الجامعية، الفصل المؤقت أو النهائي من الجامعة في الحالات الخطيرة.
ما أنواع المخالفات السلوكية التي يعاقب عليها الطالب؟,تشمل المخالفات: التعدي على القيم الدينية أو الاجتماعية أو الوحدة الوطنية، القيام بأعمال تمس الأمن أو تدعو للعنف أو التحريض السياسي، إتلاف ممتلكات الجامعة أو استخدامها دون إذن، التدخين داخل الحرم الجامعي، التشهير بالجامعة أو نشر أخبار كاذبة عنها، الاعتداء الجسدي أو اللفظي على الطلاب أو أعضاء هيئة التدريس.
هل يسمح بتصوير الآخرين داخل الجامعة؟,لا يمنع تصوير الأشخاص داخل الحرم الجامعي دون إذن سواء كان ذلك للطلاب أو أعضاء هيئة التدريس أو الموظفين.
ما العقوبة في حال انتهاك حقوق الملكية الفكرية داخل الجامعة؟,يعد انتهاك حقوق الملكية الفكرية مخالفة جسيمة، ويترتب عليها عقوبات تأديبية مثل الحرمان من بعض الامتيازات الأكاديمية أو اتخاذ إجراءات قانونية في بعض الحالات.
ما هي العقوبات المترتبة على استخدام الوسائل التقنية في الاختبارات دون إذن مسبق؟,يعد استخدام الوسائل التقنية في الاختبارات دون إذن مسبق مخالفة تعرض الطالب للعقوبات التأديبية.
ما هي القواعد المتعلقة بالمظهر الشخصي داخل الحرم الجامعي؟,الالتزام بالزي المحتشم المتوافق مع القيم والعادات السعودية، عدم ارتداء ملابس عليها شعارات غير مقبولة أو شعارات دعائية، العناية بالنظافة الشخصية والمظهر اللائق.
ما الإجراء المتبع عند ضبط مخالفة داخل الجامعة؟,توثيق المخالفة وتحرير جميع الأدلة، إعداد محضر رسمي بالحادثة، عرض الموضوع على اللجنة المختصة خلال فترة محددة لاتخاذ القرار المناسب.
ما العقوبات التأديبية التي يجوز فرضها على الطالب المخالف؟,إنذار شخصي أو خطي، الحرمان من بعض الامتيازات الجامعية، الفصل المؤقت أو النهائي حسب درجة المخالفة.
هل يمكن للطالب الطعن في العقوبات الموقعة عليه؟,نعم، يحق للطالب تقديم اعتراض على العقوبة، ويرفع الاعتراض إلى الجهة المختصة في الجامعة للنظر فيه، ويمكن إعادة النظر في القرار إذا وجدت مبررات قوية.
ما هي العقوبة الأولية التي يتم اتخاذها عند ارتكاب مخالفة أكاديمية أو سلوكية؟,التوجيه الشفهي أو الكتابي مع التعهد بعدم التكرار ويتم حفظ ذلك في ملف الطالب/الطالبة.
ما العقوبة التي يمكن أن يتعرض لها الطالب في حال تكرار المخالفة؟,يمكن حرمانه من المشاركة في بعض الأنشطة الجامعية أو الاجتماعية لمدة محددة، أو تكليفه بأعمال تطوعية تحت إشراف الجامعة.
متى يمكن أن يتم حرمان الطالب من التسجيل في مقرر دراسي؟,إذا تجاوزت المخالفة نسبة معينة من الدرجات المخصصة لأعمال السنة أو الامتحانات، أو إذا تم الغش في أحد الاختبارات.
ما هو الحد الأقصى للحرمان من الاختبارات النهائية بسبب المخالفات الأكاديمية؟,لا يجوز أن يتجاوز الحرمان ثلاثة مقررات دراسية.
ما العقوبة المترتبة على الدخول غير النظامي للاختبارات؟,قد يتم اعتبار ذلك غشًا، وفي حال التكرار يفصل الطالب لمدة فصل دراسي واحد على الأقل.
ما هي أقصى عقوبة تأديبية يمكن أن تفرض على الطالب؟,الفصل النهائي من الجامعة بقرار من مجلس الجامعة.
هل يمكن تخفيف العقوبة في بعض الحالات؟,نعم، يمكن تخفيف العقوبة إذا ثبت حسن نية الطالب أو قدم أسبابًا مقنعة للجنة التأديبية.
ماذا يحدث إذا لم ينفذ الطالب العقوبة المفروضة عليه؟,يتم تنفيذها في الفصل التالي أو حسب قرار اللجنة المختصة.
من المسؤول عن تشكيل اللجنة الدائمة للتحقيق الطلابي؟,يتم تشكيل اللجنة بقرار من رئيس الجامعة، وتضم على الأقل خمسة أعضاء، مع إمكانية زيادة العدد عند الحاجة.
ما هو دور اللجنة الدائمة للتحقيق الطلابي؟,تختص اللجنة بالنظر في المخالفات الطلابية وضبط محاضر التحقيق، ورفع التوصيات للجهات المختصة لاتخاذ القرار المناسب.
خلال كم يوم يمكن للطالب تقديم تظلمه بعد صدور القرار؟,يجب تقديم التظلم خلال 15 يومًا من تاريخ صدور القرار، ولا يُقبل بعد هذه المدة.
ما الجهة المسؤولة عن استقبال التظلمات الطلابية؟,يتم تقديم التظلم إلى اللجنة الدائمة للتحقيق الطلابي، أو الجهة ذات العلاقة في حال كان موضوع التظلم ضد رئيس اللجنة.
كيف يتم التعامل مع التظلم بعد تقديمه؟,يتم استقبال التظلم، وتوثيقه، وتسجيله في محضر رسمي، ثم يتم دراسته وإبلاغ الطالب بالنتيجة خلال مدة أقصاها 30 يومًا من تاريخ تقديم التظلم.
ماذا يحدث إذا قبلت اللجنة التظلم؟,يتم إعادة النظر في القرار السابق، وإذا كان هناك حاجة، يتم اتخاذ الإجراءات المناسبة لضمان العدالة للطالب.
هل يمكن تعديل هذه القواعد؟,لا يجوز تعديل هذه القواعد إلا بقرار رسمي من الجهات المختصة في الجامعة.
ما هي الجهة المسؤولة عن وضع القواعد التنفيذية لهذه القواعد؟,اللجنة الدائمة لقواعد السلوك والانضباط الطلابي هي المسؤولة عن وضع القواعد التنفيذية.
ما هو الهدف الأساسي من برنامج التجسير الذي تقدمه جامعة الحدود الشمالية؟,يهدف برنامج التجسير بشكل أساسي إلى رفع مستوى الطلاب الحاصلين على شهادات الدبلوم في مجال تخصصهم، وتزويدهم بالمعرفة والمهارات اللازمة للوصول إلى مستوى درجة البكالوريوس.
لمن يوجه برنامج التجسير في جامعة الحدود الشمالية بشكل خاص؟,يوجه البرنامج بشكل خاص للطلاب الحاصلين على درجة الدبلوم المتوسط أو المتقدم أو ما يعادلها من داخل أو خارج المملكة العربية السعودية، والراغبين في إكمال دراستهم للحصول على درجة البكالوريوس.
ما هو الشرط الأساسي المتعلق بالتقدير في شهادة الدبلوم للقبول في برنامج التجسير؟,"يشترط ألا يقل تقدير المتقدم في شهادة الدبلوم عن ""جيد""."
هل يمكن لخريج دبلوم في تخصص معين الالتحاق ببرنامج تجسير في أي تخصص آخر؟,لا، يشترط أن يكون التخصص الذي يرغب الطالب في التجسير إليه امتدادًا لتخصصه السابق في الدبلوم.
هل يمكن للطالب المقيد في جامعة أخرى التقديم على برنامج التجسير؟,لا، يشترط ألا يكون المتقدم مقيدًا في جامعة الحدود الشمالية أو في أي جامعة أخرى عند التقديم.
هل هناك علاقة بين نوع شهادة الثانوية العامة وتخصص برنامج التجسير المتاح؟,نعم، يجب أن يكون نوع شهادة الثانوية العامة متوافقًا مع مسار التخصص الذي يرغب الطالب في التجسير إليه.
ما هي حالة المتقدم الذي تم فصله من أي مؤسسة تعليمية؟,يشترط ألا يكون المتقدم مفصولاً من جامعة الحدود الشمالية أو أي جامعة أخرى أو المؤسسة العامة للتدريب التقني والمهني.
هل هناك إجراءات تقييم إضافية للقبول بجانب الشروط العامة؟,نعم، قد تتطلب الجامعة أو الكلية اجتياز اختبارات ومقابلات وشروط خاصة أخرى للقبول في البرنامج.
ماذا يترتب على عدم دفع الرسوم بعد الترشيح للقبول؟,يُلغى طلب القبول للطالب الذي تم ترشيحه ولم يدفع الرسوم خلال الفترة المحددة من قبل الجامعة.
هل تضمن الجامعة فتح جميع برامج التجسير المعلنة؟,لا، تحتفظ الجامعة بالحق في إلغاء القبول في البرامج التي لا تصل إلى الحد الأدنى من عدد الطلاب.
ما هي مسؤولية المتقدم فيما يتعلق بالبيانات؟,يتحمل المتقدم المسؤولية الكاملة عن صحة البيانات المقدمة، وإذا ثبت خلاف ذلك يُلغى قبوله.
كيف يتم تقديم طلب الالتحاق ببرنامج التجسير؟,يتم التقديم إلكترونيًا خلال الفترة التي تعلنها عمادة القبول والتسجيل، ولا تُقبل الطلبات اليدوية.
هل يمكن اختيار أكثر من رغبة عند التقديم؟,لا، يمكن للمتقدم اختيار رغبة واحدة فقط، ويجب أن تكون امتدادًا لتخصصه السابق.
هل لتاريخ تقديم الطلب تأثير على أولوية القبول؟,لا، لا يؤثر تاريخ تقديم الطلب على أولوية القبول، فالترشيح يتم حسب استيفاء الشروط والمعايير.
ما هي اللوائح المالية التي تطبق على طلاب التجسير؟,تطبق لائحة تحصيل الرسوم الدراسية الخاصة بدرجة البكالوريوس والمعتمدة في جامعة الحدود الشمالية.
ما هي المستندات المطلوبة عند التقديم؟,صورة من الهوية الوطنية، وثيقة التخرج والسجل الأكاديمي، معادلة الشهادة (إذا كانت من خارج المملكة)، شهادة الرخصة المهنية للتخصصات الصحية، وتوصيف المقررات التي درسها الطالب.
ما هو الشرط الأساسي لحضور المحاضرات؟,يجب على الطالب الانتظام بالحضور والدراسة خلال فترة التقويم الأكاديمي المعتمد.
ما هي اللوائح الأكاديمية المطبقة على الطلاب؟,تطبق لائحة الدراسة والاختبارات والقواعد التنفيذية بجامعة الحدود الشمالية.
هل يمكن لطالب التجسير تغيير تخصصه بعد القبول؟,لا، لا يسمح بالتحويل الداخلي بين الكليات.
كيف يتم تحديد مدة برنامج التجسير؟,يتم تحديدها حسب ما يقرره القسم الأكاديمي المختص.
ما الحد الأدنى لنسبة مواد التخصص التي يجب دراستها؟,يجب ألا تقل عن 40% من مواد التخصص بعد القبول.
ما الذي يُراعى عند تصميم البرنامج؟,تُراعى متطلبات ومعايير الاعتماد البرامجي لاكتساب المهارات والمعارف اللازمة.
ما عدد الساعات وسنوات الدراسة المطلوبين لمنح البكالوريوس؟,يجب ألا تقل عن الحد الأدنى المحدد في التصنيف السعودي الموحد والإطار الوطني للمؤهلات.
كيف تتم معادلة المقررات السابقة؟,تتم وفق لائحة الدراسة والاختبارات والقواعد التنفيذية في جامعة الحدود الشمالية.
ما هي لوائح السلوك والانضباط المطبقة؟,تطبق لائحة السلوك والانضباط الطلابي والقواعد التنفيذية في الجامعة.
"ما هو المتطلب السابق لمادة ""مقدمة برمجة""؟",مقدمة علوم الحاسبات
"ما هو المتطلب السابق لمادة ""تصميم المنطق الرقمي""؟",مقدمة علوم الحاسبات
"ما هو المتطلب السابق لمادة ""رياضيات متقطعة""؟",تصميم المنطق الرقمي
"هل يوجد متطلب لمادة ""الممارسات الأخلاقية والمهنية""؟",لا يوجد متطلب (—)
"ما هو المتطلب السابق لمادة ""تطبيقات البرمجة""؟",مقدمة برمجة
"ما هو المتطلب السابق لمادة ""تصميم النظم الرقمية""؟",تصميم المنطق الرقمي
"ما هو المتطلب السابق لمادة ""النظرية الحسابية""؟",رياضيات متقطعة
"ما هو المتطلب السابق لمادة ""هياكل البيانات""؟",مقدمة برمجة
"ما هو المتطلب السابق لمادة ""برمجة شيئية""؟",تطبيقات البرمجة
"ما هو المتطلب السابق لمادة ""تحليل وتصميم الخوارزميات""؟",هياكل البيانات
"ما هو المتطلب السابق لمادة ""معمار الحاسب""؟",تصميم النظم الرقمية
"ما هو المتطلب السابق لمادة ""شبكات الحاسب المحلية""؟",تصميم المنطق الرقمي
"هل يوجد متطلب لمادة ""جبر خطي""؟",لا يوجد متطلب محدد
"ما هو المتطلب السابق لمادة ""نظم قواعد البيانات""؟",تطبيقات البرمجة
"ما هو المتطلب السابق لمادة ""رسوميات الحاسب""؟",برمجة شيئية
"ما هو المتطلب السابق لمادة ""نظم تشغيل""؟",معمار الحاسب
"ما هو المتطلب السابق لمادة ""برمجة ويب""؟",برمجة شيئية
"ما هو المتطلب السابق لمادة ""الذكاء الاصطناعي""؟",النظرية الحسابية
"ما هو المتطلب السابق لمادة ""شبكات الحاسب الموسعة""؟",شبكات الحاسب المحلية
"ما هو المتطلب السابق لمادة ""هندسة برمجيات""؟",نظم قواعد البيانات
"ما هي المتطلبات السابقة لمادة ""بناء مترجمات""؟",نظم تشغيل / النظرية الحسابية
"ما هي المتطلبات السابقة لمادة ""برمجة نظم الحاسب""؟",معمار الحاسب / برمجة شيئية
"ما هو المتطلب السابق لمادة ""نظم الحوسبة الموزعة""؟",شبكات الحاسب الموسعة
"ما هي المتطلبات السابقة لمادة ""التنقيب في البيانات""؟",معمار الحاسب / برمجة شيئية
"ما هي المتطلبات السابقة لمادة ""تمييز الأنماط""؟",معمار الحاسب / برمجة شيئية
"ما هي المتطلبات السابقة لمادة ""تفاعل الإنسان مع الحاسب""؟",معمار الحاسب / برمجة شيئية
"ما هي المتطلبات السابقة لمادة ""النمذجة والمحاكاة""؟",الذكاء الاصطناعي / برمجة شيئية
"ما هي المتطلبات السابقة لمادة ""معالجة اللغات الطبيعية""؟",معمار الحاسب / برمجة شيئية
ما الهدف الأساسي من مشروع التخرج؟,تنمية مهارات الطالب/ـة في التحليل والتصميم والبرمجة، وقياس مدى فهمه لما تعلمه خلال فترة الدراسة.
ما أهمية مشروع التخرج بالنسبة للطالب؟,يمثل انعكاساً لما تعلمه، وغالباً ما يتم التركيز عليه في المقابلات الوظيفية.
ما شروط تسجيل الطالب في مادة مشروع التخرج؟,اجتياز 100 ساعة معتمدة على الأقل، وحضور السيمنار المخصص للمشاريع.
هل يمكن تنفيذ المشروع بشكل جماعي؟,نعم، لكن يتم تقييم كل طالب بشكل مستقل.
ما دور المشرف في مشروع التخرج؟,توجيه وإرشاد الطالب، متابعة تقدم المشروع، والتقييم الدوري للمهام المنجزة.
ما أهم المهارات التي يُفترض بالطالب اكتسابها؟,البرمجة، تصميم وتحليل النظم، تصميم قواعد البيانات، واستخدام أدوات التطوير.
ما عدد الطلاب المسموح لهم بالعمل في مشروع واحد؟,بحد أقصى أربعة طلاب في كل مشروع.
ما الجهة التي تعتمد مشاريع التخرج؟,لجنة المشاريع بالقسم، ومجلس القسم، ثم مجلس الكلية.
ما المهام الموكلة للجنة المناقشة والتحكيم؟,تقييم المشروع خلال جلسة المناقشة، وتوزيع الدرجات وفق نماذج محددة.
هل يمكن تأجيل مناقشة مشروع التخرج؟,نعم، بناءً على نموذج طلب يُدرس من قبل اللجنة، ويخصم من الدرجة النهائية.
ما اللغة المعتمدة لتوثيق المشروع؟,يمكن استخدام اللغة العربية أو الإنجليزية، بشرط التناسق.
ما الحد الأقصى لعدد صفحات تقرير المشروع؟,100 صفحة كحد أقصى.
ما عناصر تقرير مشروع التخرج؟,صفحة العنوان، الإهداء، الشكر، المستخلص، قائمة المحتويات، الفصول، الخاتمة، المراجع، الملاحق.
ما نوع الورق المستخدم؟,ورق A4 أبيض غير مسطر.
ما نوع الخط المستخدم باللغة الإنجليزية؟,Times New Roman، بحجم 12 للنص الأساسي.
كيف تُرقم الفصول والأجزاء؟,باستخدام تسلسل رقمي مثل: 1-1، 1-2، 2-1، وهكذا.
هل يمكن استخدام الرسومات والمخططات؟,نعم، وتُرفق داخل التقرير أو كملاحق إذا كانت كبيرة الحجم.
هل يُسمح باستخدام الاختصارات؟,نعم، بشرط توضيحها أول مرة وذكرها في قائمة منفصلة.
ما طريقة تقييم مشروع التخرج؟,100 درجة موزعة بين المشرف (40)، لجنة المناقشة (40)، وتنفيذ الملاحظات (20).
هل تُحتسب المشاركة الفردية في حال وجود فريق؟,نعم، ويُقيَّم كل طالب على حدة وفقًا لمساهمته.
ما العلاقة بين مشروع التخرج وسوق العمل؟,يعكس المشروع مدى جاهزية الطالب للتوظيف ويُعتمد عليه في التقييم الوظيفي.
متى يجب على الطالب البدء في التفكير بمشروع التخرج؟,بعد اجتياز معظم المواد الأساسية في التخصص.
ما أهمية اختيار فكرة مشروع واقعية؟,لأن ذلك يضمن إمكانية تنفيذها ويزيد من قيمة المشروع التطبيقية.
هل يُسمح باستخدام مشروع من الإنترنت؟,لا، يجب أن يكون المشروع من إعداد الطالب/ـة ويُمنع النسخ أو الغش الأكاديمي.
متى يجب تسليم النسخ النهائية من المشروع؟,في الأسبوع الأول من الفصل الدراسي الخاص بالمناقشة.
ما دور السيمنار في مشروع التخرج؟,يتم فيه عرض المشاريع المقترحة واختيار الموضوع المناسب.
هل يمكن للطالب تغيير فكرة المشروع بعد تسجيلها؟,فقط بموافقة اللجنة المنسقة للمشاريع.
ما أبرز معايير رفض المشروع؟,عدم الأصالة، أو ضعف التنفيذ، أو عدم صلته بتخصص علوم الحاسب.
ما الجهة التي تُقيم تنفيذ ملاحظات لجنة المناقشة؟,المشرف الأكاديمي على المشروع.
هل هناك نموذج موحد لتوثيق المشروع؟,نعم، ويوضح تفاصيل التنسيق والإخراج الفني الكامل.
هل تُخصص درجة لأسلوب عرض المشروع أثناء المناقشة؟,نعم، أسلوب العرض يُقيَّم ضمن درجات اللجنة.
هل من الممكن أن يرسب أحد أفراد الفريق وينجح الآخرون؟,نعم، لأن التقييم يتم لكل طالب بشكل فردي.
ما الفرق بين التقويم الدوري للمشروع والتقويم النهائي؟,الدوري يتم أثناء التنفيذ، والنهائي بعد المناقشة وتنفيذ الملاحظات.
هل يُحتسب وقت المناقشة ضمن تقييم المشروع؟,نعم، ويتضمن تقييم طريقة العرض والإجابات.
ما مكونات صفحة العنوان في التقرير؟,اسم الجامعة، الكلية، القسم، عنوان المشروع، وأسماء الطلاب والمشرف.
هل تُدرج الجداول والرسومات في قائمة منفصلة؟,نعم، هناك قائمة للجداول وأخرى للرسومات والأشكال.
ما الهدف من كتابة مستخلص المشروع؟,تقديم ملخص شامل لما تم إنجازه في المشروع.
ما الحد الأدنى لإنجاز الجزء النظري والعملي عند التأجيل؟,يُشترط نسبة إنجاز معينة يحددها القسم لدراسة سبب التأجيل.
ما الفرق بين المخططات السياقية (Context Diagram) ومخططات DFD؟,المخططات السياقية تعرض النظام ككل، وDFD تُفصل تدفق البيانات داخله.
هل يمكن للطالب اقتراح مشرف معين؟,نعم، لكن القرار النهائي يعود للجنة المنسقة بناءً على التخصص والجدول.
ما هو الهدف من مشروع التخرج؟,تنمية مهارات الطالب التطبيقية في التحليل والتصميم والبرمجة.
ما أهمية مشروع التخرج في حياة الطالب المهنية؟,يعكس مدى فهمه للتخصص ويُعد معيارًا في التوظيف.
كيف تُختار فكرة المشروع؟,أن تكون جديدة، واقعية، وقابلة للتطبيق.
ما هي مواصفات الفكرة الجيدة للمشروع؟,أن تحل مشكلة حقيقية باستخدام أدوات البرمجة والتحليل.
ما مسؤوليات الطالب في المشروع؟,الالتزام بالجدول الزمني، تنفيذ المهام، وتقديم المشروع في الوقت المحدد.
ما الجهة المسؤولة عن اعتماد مشاريع التخرج؟,لجنة منسقة لمشاريع التخرج يتم اعتمادها من القسم والكلية.
ما الفرق بين اللجنة المنسقة ولجنة المناقشة؟,المنسقة تنظم المشاريع، والمناقشة تُقيّم المشاريع.
متى يُعقد السيمنار الخاص بالمشاريع؟,في نهاية الفصل الدراسي السابق لمادة المشروع.
ما الذي يتضمنه السيمنار؟,طرح أفكار مشاريع وتوزيع الطلاب على المشرفين.
كم مرة يجب على الطالب مقابلة مشرفه؟,لقاء أسبوعي منتظم موثق في استمارة المتابعة.
ما أقصى مدة لتسليم النسخة النهائية؟,أسبوعين قبل موعد المناقشة المحدد.
ما العناصر الرئيسية لتوثيق المشروع؟,المقدمة، التحليل، التصميم، التنفيذ، الخاتمة، الملاحق، والمراجع.
كيف يُكتب الملخص في المشروع؟,من 10–15 سطرًا، باللغتين العربية والإنجليزية في صفحات منفصلة.
هل توجد قائمة خاصة بالجداول والأشكال؟,نعم، يُرفق قائمة للجداول وقائمة أخرى للأشكال.
كيف يتم ترقيم الصفحات؟,الأجزاء التمهيدية بالأرقام الرومانية، والمحتوى الأساسي بالأرقام العربية.
ما المهارات المطلوب من الطالب إتقانها؟,البرمجة، التحليل، تصميم الواجهات، قواعد البيانات، وأمن المعلومات.
هل من الضروري تقديم ملخص المشروع؟,نعم، ويجب أن يكون موجزًا وشاملاً لفكرة المشروع.
ما الوثائق التي يُسلمها المشرف قبل المناقشة؟,نموذج التقييم، نسخ المشروع، وتقرير التعديلات (إن وجدت).
ما النموذج المستخدم لتوثيق درجات المناقشة؟,نموذج رقم (5).
هل يُشترط أن يكون المشرف متخصصًا؟,يفضل ذلك لضمان جودة الإشراف.
ما الجهة المسؤولة عن رصد النتائج النهائية؟,اللجنة المنسقة بالتنسيق مع القسم الأكاديمي.
هل يجب تقديم نسخ إلكترونية من المشروع؟,نعم، تُسلم على CD أو USB.
هل يجوز استخدام مشروع سابق؟,لا، يجب أن يكون المشروع جديدًا ومبتكرًا.
هل يمكن تنفيذ مشروع في مجال الشبكات؟,نعم، ما دام يندرج ضمن تخصص علوم الحاسب.
هل يوجد حد أدنى لعدد الصفحات؟,لا يوجد حد أدنى، لكن الحد الأقصى هو 100 صفحة.
هل يجب الالتزام بتنسيق معين للعناوين؟,نعم، توجد قواعد لتنسيق الفصول والعناوين الفرعية.
ما هي أهمية تحديد الجدول الزمني في تنفيذ المشروع؟,لضمان سير العمل بشكل منظم وتوزيع المهام على فترات زمنية محددة.
ما أهمية السيمنار الذي يعقد قبل تسجيل المشروع؟,لتقديم ومناقشة أفكار المشاريع واختيار المناسب منها.
ما المطلوب من الطالب قبل البدء في التنفيذ الفعلي للمشروع؟,جمع المعلومات، تحديد المتطلبات، وإعداد الخطة الزمنية.
ما العناصر التي تشملها صفحة الشكر؟,شكر المشرف، القسم، الأهل، وأي جهة داعمة.
هل توجد معايير محددة لاختيار لغة البرمجة؟,نعم، يجب أن تتناسب مع نوع المشروع ومهارات الطالب.
ما الفائدة من إعداد المخططات مثل DFD وERD؟,لتوضيح تدفق البيانات والعلاقات بين الكيانات داخل النظام.
هل يُسمح باستخدام أدوات تصميم جاهزة في المشروع؟,نعم، بشرط التعديل عليها بما يخدم فكرة المشروع.
ما هي المتطلبات غير الوظيفية في المشروع؟,مثل الأمان، السرعة، الكفاءة، وسهولة الاستخدام.
ما هو المقصود بمخطط السياق (Context Diagram)؟,مخطط يُظهر النظام ككل وتفاعله مع العوامل الخارجية.
ما هي الأدوات المستخدمة لإدارة المشروع؟,أدوات مثل Trello، MS Project، أو Jira لتنظيم المهام.
هل يمكن إجراء اختبارات على المشروع قبل المناقشة؟,نعم، لضمان جودة النظام وتصحيح الأخطاء مبكراً.
ما هو دور المستخلص في تقرير المشروع؟,تقديم ملخص موجز يوضح الهدف والنتائج الرئيسية للمشروع.
هل يُشترط إرفاق نسخة إلكترونية من المشروع؟,نعم، تُسلم على CD أو USB مع التقرير الورقي.
ما هي أهمية تحديد نطاق المشروع؟,لتحديد الحدود والأهداف وتجنب التوسع غير الضروري.
هل يمكن للطالب تغيير المشرف بعد بدء المشروع؟,لا، إلا في حالات استثنائية بموافقة اللجنة المنسقة.
ما هي المعايير التي تُقيَّم بناءً عليها جودة التقرير؟,التنظيم، الوضوح، الدقة، والالتزام بالتنسيق المعتمد.
هل يُسمح بإدراج صور أو لقطات شاشة في التقرير؟,نعم، لتوضيح التصميم أو التنفيذ، مع الإشارة إليها.
ما هي أهمية استخدام المراجع في المشروع؟,لدعم المعلومات وإثبات الأصالة الأكاديمية.
هل يمكن للطالب إضافة ملاحق في التقرير؟,نعم، لإدراج بيانات إضافية مثل الأكواد أو الجداول الكبيرة.
ما هو الفرق بين المتطلبات الوظيفية وغير الوظيفية؟,الوظيفية تحدد ما يفعله النظام، وغير الوظيفية تحدد كيفية أدائه.
هل يُطلب من الطالب تقديم عرض تقديمي (Presentation)؟,نعم، كجزء من المناقشة، ويُقيَّم ضمن درجات اللجنة.
ما هي المدة المخصصة لعرض المشروع أثناء المناقشة؟,عادةً من 15 إلى 20 دقيقة، حسب تعليمات القسم.
هل يمكن للطالب طلب مشرف من خارج القسم؟,لا، يجب أن يكون المشرف من أعضاء هيئة التدريس بالقسم.
ما هي أهمية إجراء تحليل الجدوى للمشروع؟,لتقييم إمكانية التنفيذ من الناحية الفنية والاقتصادية.
هل يُسمح باستخدام مكتبات برمجية مفتوحة المصدر؟,نعم، بشرط توثيقها وتوضيح استخدامها في المشروع.
ما هي أهمية اختبار واجهة المستخدم (UI)؟,لضمان سهولة الاستخدام وتجربة مستخدم مريحة.
هل يمكن تقديم المشروع دون تنفيذ عملي؟,لا، يجب أن يتضمن جزءًا عمليًا يعكس التطبيق العملي.
ما هي الأخطاء الشائعة التي يقع فيها الطلاب؟,ضعف التوثيق، التأخير في التسليم، وعدم وضوح الفكرة.
هل يُطلب من الطالب تقديم تقرير تقدم دوري؟,نعم، للمشرف لمتابعة سير العمل وتقييم التقدم.
ما هي الأهداف الفرعية لمشروع التخرج؟,تحقيق مهام محددة مثل تصميم قاعدة بيانات أو واجهة مستخدم.
هل يمكن للطالب إعادة تقديم المشروع بعد الرفض؟,نعم، بعد إجراء التعديلات المطلوبة وموافقة اللجنة.
ما هي أهمية تحديد المستخدمين المستهدفين للمشروع؟,لتصميم النظام بما يتناسب مع احتياجاتهم وتحقيق تجربة مستخدم مثالية.
هل يُسمح باستخدام قوالب جاهزة لواجهات المستخدم؟,نعم، بشرط تخصيصها لتناسب متطلبات المشروع.
ما هي أهمية توثيق الأكواد البرمجية؟,لتسهيل الصيانة والتعديل المستقبلي وفهم المنطق البرمجي.
هل يمكن للطالب طلب تمديد مهلة تسليم المشروع؟,نعم، بموافقة اللجنة وتقديم أسباب مبررة.
ما هي أهمية استخدام أدوات التحكم بالإصدارات مثل Git؟,لتتبع التغييرات في الكود وتسهيل التعاون في الفريق.
هل يُطلب من الطالب تقديم نموذج عملي (Prototype)؟,نعم، في مراحل مبكرة لتوضيح الفكرة وتلقي الملاحظات.
ما هي أهمية تحديد المخاطر المحتملة في المشروع؟,لتجنب المشكلات المستقبلية ووضع خطط للتعامل معها.
هل يمكن للطالب الاستعانة بخبراء من خارج الجامعة؟,نعم، للاستشارة فقط، مع عدم السماح بالتنفيذ نيابة عنه.
ما هي أهمية إعداد قائمة المصطلحات (Glossary)؟,لتوضيح المصطلحات الفنية المستخدمة في التقرير.
هل يُشترط إدراج قسم الخاتمة في التقرير؟,نعم، لتلخيص الإنجازات واقتراح تحسينات مستقبلية.
ما هي أهمية استخدام أدوات تحليل البيانات في المشروع؟,لاستخلاص نتائج دقيقة ودعم قرارات التصميم.
هل يمكن للطالب تقديم المشروع بلغتين مختلفتين؟,لا، يجب الالتزام بلغة واحدة (عربية أو إنجليزية).
ما هي أهمية مراجعة التقرير لغويًا؟,لضمان خلو التقرير من الأخطاء الإملائية والنحوية.
هل يُسمح بإدراج بيانات تجريبية في المشروع؟,نعم، لمحاكاة سيناريوهات الاستخدام واختبار النظام.
ما هي أهمية تحديد أدوار أعضاء الفريق؟,لضمان توزيع المهام بشكل عادل وتجنب التداخل.
هل يُطلب من الطالب تقديم خطة اختبار للمشروع؟,نعم، لتحديد كيفية اختبار وظائف النظام.
ما هي أهمية توثيق التعديلات بعد المناقشة؟,لإثبات تنفيذ ملاحظات اللجنة وتحسين المشروع.
هل يمكن للطالب استخدام تقنيات الذكاء الاصطناعي؟,نعم، بشرط أن تكون مدعومة بتوثيق واضح.
ما هي أهمية إجراء استبيانات لتقييم المشروع؟,للحصول على تغذية راجعة من المستخدمين المستهدفين.
هل يُشترط إرفاق دليل المستخدم مع المشروع؟,نعم، لشرح كيفية استخدام النظام بسهولة.
ما هي أهمية تحديد البرمجيات المستخدمة في المشروع؟,لتوثيق الأدوات وضمان إمكانية إعادة التنفيذ.
هل يمكن للطالب تقديم مشروع في مجال الأمن السيبراني؟,نعم، إذا كان ضمن نطاق علوم الحاسب.
ما هي أهمية إجراء تحليل SWOT للمشروع؟,لتحديد نقاط القوة، الضعف، الفرص، والتهديدات.
هل يُسمح باستخدام أدوات تصميم مثل Figma؟,نعم، لتصميم واجهات المستخدم بشكل احترافي.
ما هي أهمية إعداد قسم لتحليل المخاطر؟,لتحديد المشكلات المحتملة ووضع حلول مسبقة.
هل يُطلب من الطالب تقديم مخططات UML؟,نعم، لتصميم النظام مثل مخططات الحالة أو التسلسل.
ما هي أهمية اختبار الأداء (Performance Testing)؟,لقياس سرعة النظام واستجابته تحت الضغط.
هل يمكن للطالب تقديم مشروع في مجال إنترنت الأشياء؟,نعم، إذا كان مدعومًا بتطبيق عملي وتوثيق.
ما هي أهمية إعداد قسم المقدمة في التقرير؟,لتوضيح خلفية المشروع وأهميته وأهدافه.
هل يُسمح باستخدام قواعد بيانات سحابية؟,نعم، بشرط توثيق طريقة الاتصال والاستخدام.
ما هي أهمية توثيق التحديات التي واجهت الطالب؟,لإظهار مهارات حل المشكلات والتعلم من التجربة.
هل يُطلب من الطالب تقديم تحليل التكلفة؟,نعم، في بعض الحالات لتقييم الجدوى الاقتصادية.
ما هي أهمية إجراء اختبار الأمان للمشروع؟,لضمان حماية البيانات وسلامة النظام.
هل يمكن للطالب تقديم مشروع في مجال الواقع الافتراضي؟,نعم، إذا توفرت الموارد والتوثيق المناسب.
ما هي أهمية استخدام منهجيات تطوير البرمجيات؟,مثل Agile أو Waterfall لتنظيم عملية التطوير.
هل يُسمح بإدراج فيديو توضيحي للمشروع؟,نعم، كجزء من العرض أو الملاحق.
ما هي أهمية تحديد الفئة العمرية للمستخدمين؟,لتصميم واجهات ووظائف مناسبة لهم.
هل يُطلب من الطالب تقديم خطة صيانة للمشروع؟,نعم، لضمان استمرارية النظام بعد التنفيذ.
ما هي أهمية إجراء مراجعة الأقران (Peer Review)؟,للحصول على ملاحظات من زملاء الدراسة لتحسين المشروع.
هل يمكن للطالب تقديم مشروع في مجال تحليل البيانات؟,نعم، مع التركيز على عرض النتائج بصريًا.
ما هي أهمية إعداد قسم للتوصيات؟,لاقتراح تحسينات مستقبلية لتطوير المشروع.
هل يُسمح باستخدام لغات برمجة متعددة؟,نعم، بشرط تبرير الاختيار وتوثيقه.
ما هي أهمية تحديد معايير نجاح المشروع؟,لقياس مدى تحقيق الأهداف الموضوعة.
هل يُطلب من الطالب تقديم سيناريوهات استخدام؟,نعم، لتوضيح كيفية تفاعل المستخدم مع النظام.
ما هي أهمية إجراء اختبار قابلية الاستخدام؟,لضمان سهولة التنقل وفهم واجهة النظام.
هل يمكن للطالب تقديم مشروع في مجال التعلم الآلي؟,نعم، مع توثيق النماذج والخوارزميات المستخدمة.
ما هي أهمية إعداد قسم لتحليل المنافسين؟,لتحديد نقاط تميز المشروع عن الحلول المشابهة.
هل يُسمح بإدراج استبيانات المستخدمين في الملاحق؟,نعم، لدعم نتائج تقييم المشروع.
ما هي أهمية توثيق مصادر البيانات المستخدمة؟,لإثبات مصداقية المعلومات وتجنب الانتحال.
هل يُطلب من الطالب تقديم خطة إدارة المخاطر؟,نعم، لتحديد المخاطر وكيفية التعامل معها.
ما هي أهمية إجراء اختبار التوافق (Compatibility Testing)؟,لضمان عمل النظام على منصات وأجهزة مختلفة.
هل يمكن للطالب تقديم مشروع في مجال blockchain؟,نعم، إذا كان مدعومًا بتطبيق عملي وتوثيق.
ما هي أهمية إعداد قسم للنتائج والمناقشة؟,لتحليل الإنجازات ومقارنتها بالأهداف.
هل يُسمح باستخدام أدوات إدارة قواعد البيانات؟,نعم، مثل MySQL أو MongoDB، مع توثيق التصميم.
ما هي أهمية تحديد التقنيات الناشئة في المشروع؟,لإظهار الابتكار ومواكبة التطورات التقنية.
هل يُطلب من الطالب تقديم تحليل الأثر الاجتماعي؟,نعم، في بعض الحالات لتقييم فائدة المشروع للمجتمع.
ما هي أهمية إجراء اختبار الحمل (Load Testing)؟,لقياس قدرة النظام على تحمل عدد كبير من المستخدمين.
هل يمكن للطالب تقديم مشروع في مجال الحوسبة السحابية؟,نعم، مع التركيز على توثيق البنية التحتية.
ما هي أهمية إعداد قسم لتحليل القيود؟,لتوضيح العوامل التي حدت من نطاق المشروع.
هل يُسمح باستخدام أدوات تصميم ثلاثي الأبعاد؟,نعم، إذا كان المشروع يتطلب نمذجة ثلاثية الأبعاد.
ما هي أهمية تحديد الفوائد المتوقعة من المشروع؟,لإبراز القيمة المضافة للمستخدمين أو المجتمع.
هل يُطلب من الطالب تقديم خطة التسويق للمشروع؟,نعم، في بعض الحالات إذا كان المشروع تجاريًا.
ما هي أهمية إجراء اختبار التكامل (Integration Testing)؟,لضمان عمل جميع مكونات النظام معًا بسلاسة.
هل يمكن للطالب تقديم مشروع في مجال معالجة الصور؟,نعم، مع توثيق الخوارزميات ونتائج المعالجة.
ما هي أهمية إعداد قسم لتحليل الأداء؟,لقياس كفاءة النظام من حيث السرعة والموارد.
هل يُسمح باستخدام أدوات تحليل الشبكات؟,نعم، إذا كان المشروع يتعلق بالشبكات أو الأمن.
ما هي أهمية تحديد معايير القبول للمشروع؟,لتحديد متى يُعتبر المشروع مكتملاً وناجحًا.
هل يُطلب من الطالب تقديم دراسة حالة (Case Study)؟,نعم، في بعض الحالات لتوضيح تطبيق المشروع عمليًا.
ما هي أهمية إجراء اختبار الوظائف (Functional Testing)؟,للتحقق من عمل جميع وظائف النظام كما هو مخطط.
هل يمكن للطالب تقديم مشروع في مجال الروبوتات؟,نعم، إذا توفرت الموارد والتوثيق المناسب.
ما هي أهمية إعداد قسم لتحليل التجربة؟,لتوثيق الدروس المستفادة من تنفيذ المشروع.
هل يُسمح باستخدام أدوات محاكاة الشبكات؟,نعم، مثل NS3 أو Packet Tracer، مع توثيق النتائج.
ما هي أهمية تحديد الموارد المطلوبة للمشروع؟,لتخطيط الميزانية وضمان توفر الأدوات اللازمة.
هل يُطلب من الطالب تقديم خطة النسخ الاحتياطي؟,نعم، لضمان استعادة البيانات في حالة الفشل.
ما هي أهمية إجراء اختبار الاختراق (Penetration Testing)؟,لتحديد نقاط الضعف الأمنية في النظام.
هل يمكن للطالب تقديم مشروع في مجال معالجة اللغة الطبيعية؟,نعم، مع توثيق النماذج والنتائج التجريبية.
ما هي أهمية إعداد قسم لتحليل الاستدامة؟,لتقييم تأثير المشروع على البيئة أو المجتمع على المدى الطويل.
